"id";"station_id";"date";"mw_art";"uv_index";"unit";"station_name";"betreiber";"betreiber_id";"tagesgang_url"
"31478";"HY";"2020-01-22T20:00:00Z";"UVI";"1";;"Norderney";"Gewerbeaufsichtsamt Hildesheim";"GAA-Hi";"https://uvi.bfs.de/Tagesgrafiken/Legende/indexHY.html"
"31510";"HY";"2020-01-23T20:00:00Z";"UVI";"0";;"Norderney";"Gewerbeaufsichtsamt Hildesheim";"GAA-Hi";"https://uvi.bfs.de/Tagesgrafiken/Legende/indexHY.html"
"31542";"HY";"2020-01-24T20:00:00Z";"UVI";"0";;"Norderney";"Gewerbeaufsichtsamt Hildesheim";"GAA-Hi";"https://uvi.bfs.de/Tagesgrafiken/Legende/indexHY.html"
"31585";"HY";"2020-01-25T20:00:00Z";"UVI";"0";;"Norderney";"Gewerbeaufsichtsamt Hildesheim";"GAA-Hi";"https://uvi.bfs.de/Tagesgrafiken/Legende/indexHY.html"
"31606";"HY";"2020-01-26T20:00:00Z";"UVI";"0";;"Norderney";"Gewerbeaufsichtsamt Hildesheim";"GAA-Hi";"https://uvi.bfs.de/Tagesgrafiken/Legende/indexHY.html"
"31658";"HY";"2020-01-27T20:00:00Z";"UVI";"0";;"Norderney";"Gewerbeaufsichtsamt Hildesheim";"GAA-Hi";"https://uvi.bfs.de/Tagesgrafiken/Legende/indexHY.html"
"31663";"HY";"2020-01-28T20:00:00Z";"UVI";"0";;"Norderney";"Gewerbeaufsichtsamt Hildesheim";"GAA-Hi";"https://uvi.bfs.de/Tagesgrafiken/Legende/indexHY.html"
"31701";"HY";"2020-01-29T20:00:00Z";"UVI";"0";;"Norderney";"Gewerbeaufsichtsamt Hildesheim";"GAA-Hi";"https://uvi.bfs.de/Tagesgrafiken/Legende/indexHY.html"
"31743";"HY";"2020-01-30T20:00:00Z";"UVI";"0";;"Norderney";"Gewerbeaufsichtsamt Hildesheim";"GAA-Hi";"https://uvi.bfs.de/Tagesgrafiken/Legende/indexHY.html"
"31766";"HY";"2020-01-31T20:00:00Z";"UVI";"1";;"Norderney";"Gewerbeaufsichtsamt Hildesheim";"GAA-Hi";"https://uvi.bfs.de/Tagesgrafiken/Legende/indexHY.html"
"31798";"HY";"2020-02-01T20:00:00Z";"UVI";"0";;"Norderney";"Gewerbeaufsichtsamt Hildesheim";"GAA-Hi";"https://uvi.bfs.de/Tagesgrafiken/Legende/indexHY.html"
"31830";"HY";"2020-02-02T20:00:00Z";"UVI";"0";;"Norderney";"Gewerbeaufsichtsamt Hildesheim";"GAA-Hi";"https://uvi.bfs.de/Tagesgrafiken/Legende/indexHY.html"
"31881";"HY";"2020-02-03T20:00:00Z";"UVI";"1";;"Norderney";"Gewerbeaufsichtsamt Hildesheim";"GAA-Hi";"https://uvi.bfs.de/Tagesgrafiken/Legende/indexHY.html"
"31910";"HY";"2020-02-04T20:00:00Z";"UVI";"1";;"Norderney";"Gewerbeaufsichtsamt Hildesheim";"GAA-Hi";"https://uvi.bfs.de/Tagesgrafiken/Legende/indexHY.html"
"31943";"HY";"2020-02-05T20:00:00Z";"UVI";"1";;"Norderney";"Gewerbeaufsichtsamt Hildesheim";"GAA-Hi";"https://uvi.bfs.de/Tagesgrafiken/Legende/indexHY.html"
"31958";"HY";"2020-02-06T20:00:00Z";"UVI";"0";;"Norderney";"Gewerbeaufsichtsamt Hildesheim";"GAA-Hi";"https://uvi.bfs.de/Tagesgrafiken/Legende/indexHY.html"
"32002";"HY";"2020-02-07T20:00:00Z";"UVI";"1";;"Norderney";"Gewerbeaufsichtsamt Hildesheim";"GAA-Hi";"https://uvi.bfs.de/Tagesgrafiken/Legende/indexHY.html"
"32044";"HY";"2020-02-08T20:00:00Z";"UVI";"1";;"Norderney";"Gewerbeaufsichtsamt Hildesheim";"GAA-Hi";"https://uvi.bfs.de/Tagesgrafiken/Legende/indexHY.html"
"32054";"HY";"2020-02-09T20:00:00Z";"UVI";"1";;"Norderney";"Gewerbeaufsichtsamt Hildesheim";"GAA-Hi";"https://uvi.bfs.de/Tagesgrafiken/Legende/indexHY.html"
"32077";"HY";"2020-02-10T20:00:00Z";"UVI";"1";;"Norderney";"Gewerbeaufsichtsamt Hildesheim";"GAA-Hi";"https://uvi.bfs.de/Tagesgrafiken/Legende/indexHY.html"
"32119";"HY";"2020-02-11T20:00:00Z";"UVI";"1";;"Norderney";"Gewerbeaufsichtsamt Hildesheim";"GAA-Hi";"https://uvi.bfs.de/Tagesgrafiken/Legende/indexHY.html"
"32167";"HY";"2020-02-12T20:00:00Z";"UVI";"1";;"Norderney";"Gewerbeaufsichtsamt Hildesheim";"GAA-Hi";"https://uvi.bfs.de/Tagesgrafiken/Legende/indexHY.html"
"32201";"HY";"2020-02-13T20:00:00Z";"UVI";"0";;"Norderney";"Gewerbeaufsichtsamt Hildesheim";"GAA-Hi";"https://uvi.bfs.de/Tagesgrafiken/Legende/indexHY.html"
"32214";"HY";"2020-02-14T20:00:00Z";"UVI";"1";;"Norderney";"Gewerbeaufsichtsamt Hildesheim";"GAA-Hi";"https://uvi.bfs.de/Tagesgrafiken/Legende/indexHY.html"
"32248";"HY";"2020-02-15T20:00:00Z";"UVI";"1";;"Norderney";"Gewerbeaufsichtsamt Hildesheim";"GAA-Hi";"https://uvi.bfs.de/Tagesgrafiken/Legende/indexHY.html"
"32278";"HY";"2020-02-16T20:00:00Z";"UVI";"0";;"Norderney";"Gewerbeaufsichtsamt Hildesheim";"GAA-Hi";"https://uvi.bfs.de/Tagesgrafiken/Legende/indexHY.html"
"32327";"HY";"2020-02-17T20:00:00Z";"UVI";"1";;"Norderney";"Gewerbeaufsichtsamt Hildesheim";"GAA-Hi";"https://uvi.bfs.de/Tagesgrafiken/Legende/indexHY.html"
"32359";"HY";"2020-02-18T20:00:00Z";"UVI";"1";;"Norderney";"Gewerbeaufsichtsamt Hildesheim";"GAA-Hi";"https://uvi.bfs.de/Tagesgrafiken/Legende/indexHY.html"
"32373";"HY";"2020-02-19T20:00:00Z";"UVI";"1";;"Norderney";"Gewerbeaufsichtsamt Hildesheim";"GAA-Hi";"https://uvi.bfs.de/Tagesgrafiken/Legende/indexHY.html"
"32407";"HY";"2020-02-20T20:00:00Z";"UVI";"1";;"Norderney";"Gewerbeaufsichtsamt Hildesheim";"GAA-Hi";"https://uvi.bfs.de/Tagesgrafiken/Legende/indexHY.html"
"32459";"HY";"2020-02-21T20:00:00Z";"UVI";"1";;"Norderney";"Gewerbeaufsichtsamt Hildesheim";"GAA-Hi";"https://uvi.bfs.de/Tagesgrafiken/Legende/indexHY.html"
"32473";"HY";"2020-02-22T20:00:00Z";"UVI";"1";;"Norderney";"Gewerbeaufsichtsamt Hildesheim";"GAA-Hi";"https://uvi.bfs.de/Tagesgrafiken/Legende/indexHY.html"
"32515";"HY";"2020-02-23T20:00:00Z";"UVI";"0";;"Norderney";"Gewerbeaufsichtsamt Hildesheim";"GAA-Hi";"https://uvi.bfs.de/Tagesgrafiken/Legende/indexHY.html"
"32549";"HY";"2020-02-24T20:00:00Z";"UVI";"0";;"Norderney";"Gewerbeaufsichtsamt Hildesheim";"GAA-Hi";"https://uvi.bfs.de/Tagesgrafiken/Legende/indexHY.html"
"32575";"HY";"2020-02-25T20:00:00Z";"UVI";"1";;"Norderney";"Gewerbeaufsichtsamt Hildesheim";"GAA-Hi";"https://uvi.bfs.de/Tagesgrafiken/Legende/indexHY.html"
"32603";"HY";"2020-02-26T20:00:00Z";"UVI";"1";;"Norderney";"Gewerbeaufsichtsamt Hildesheim";"GAA-Hi";"https://uvi.bfs.de/Tagesgrafiken/Legende/indexHY.html"
"32628";"HY";"2020-02-27T20:00:00Z";"UVI";"1";;"Norderney";"Gewerbeaufsichtsamt Hildesheim";"GAA-Hi";"https://uvi.bfs.de/Tagesgrafiken/Legende/indexHY.html"
"32662";"HY";"2020-02-28T20:00:00Z";"UVI";"1";;"Norderney";"Gewerbeaufsichtsamt Hildesheim";"GAA-Hi";"https://uvi.bfs.de/Tagesgrafiken/Legende/indexHY.html"
"32711";"HY";"2020-02-29T20:00:00Z";"UVI";"1";;"Norderney";"Gewerbeaufsichtsamt Hildesheim";"GAA-Hi";"https://uvi.bfs.de/Tagesgrafiken/Legende/indexHY.html"
"32737";"HY";"2020-03-01T20:00:00Z";"UVI";"1";;"Norderney";"Gewerbeaufsichtsamt Hildesheim";"GAA-Hi";"https://uvi.bfs.de/Tagesgrafiken/Legende/indexHY.html"
"32780";"HY";"2020-03-02T20:00:00Z";"UVI";"1";;"Norderney";"Gewerbeaufsichtsamt Hildesheim";"GAA-Hi";"https://uvi.bfs.de/Tagesgrafiken/Legende/indexHY.html"
"32813";"HY";"2020-03-03T20:00:00Z";"UVI";"1";;"Norderney";"Gewerbeaufsichtsamt Hildesheim";"GAA-Hi";"https://uvi.bfs.de/Tagesgrafiken/Legende/indexHY.html"
"32828";"HY";"2020-03-04T20:00:00Z";"UVI";"1";;"Norderney";"Gewerbeaufsichtsamt Hildesheim";"GAA-Hi";"https://uvi.bfs.de/Tagesgrafiken/Legende/indexHY.html"
"32869";"HY";"2020-03-05T20:00:00Z";"UVI";"2";;"Norderney";"Gewerbeaufsichtsamt Hildesheim";"GAA-Hi";"https://uvi.bfs.de/Tagesgrafiken/Legende/indexHY.html"
"32902";"HY";"2020-03-06T20:00:00Z";"UVI";"1";;"Norderney";"Gewerbeaufsichtsamt Hildesheim";"GAA-Hi";"https://uvi.bfs.de/Tagesgrafiken/Legende/indexHY.html"
"32930";"HY";"2020-03-07T20:00:00Z";"UVI";"2";;"Norderney";"Gewerbeaufsichtsamt Hildesheim";"GAA-Hi";"https://uvi.bfs.de/Tagesgrafiken/Legende/indexHY.html"
"32967";"HY";"2020-03-08T20:00:00Z";"UVI";"1";;"Norderney";"Gewerbeaufsichtsamt Hildesheim";"GAA-Hi";"https://uvi.bfs.de/Tagesgrafiken/Legende/indexHY.html"
"33010";"HY";"2020-03-09T20:00:00Z";"UVI";"2";;"Norderney";"Gewerbeaufsichtsamt Hildesheim";"GAA-Hi";"https://uvi.bfs.de/Tagesgrafiken/Legende/indexHY.html"
"33049";"HY";"2020-03-10T20:00:00Z";"UVI";"1";;"Norderney";"Gewerbeaufsichtsamt Hildesheim";"GAA-Hi";"https://uvi.bfs.de/Tagesgrafiken/Legende/indexHY.html"
"33080";"HY";"2020-03-11T20:00:00Z";"UVI";"2";;"Norderney";"Gewerbeaufsichtsamt Hildesheim";"GAA-Hi";"https://uvi.bfs.de/Tagesgrafiken/Legende/indexHY.html"
"33115";"HY";"2020-03-12T20:00:00Z";"UVI";"2";;"Norderney";"Gewerbeaufsichtsamt Hildesheim";"GAA-Hi";"https://uvi.bfs.de/Tagesgrafiken/Legende/indexHY.html"
"33128";"HY";"2020-03-13T20:00:00Z";"UVI";"2";;"Norderney";"Gewerbeaufsichtsamt Hildesheim";"GAA-Hi";"https://uvi.bfs.de/Tagesgrafiken/Legende/indexHY.html"
"33166";"HY";"2020-03-14T20:00:00Z";"UVI";"2";;"Norderney";"Gewerbeaufsichtsamt Hildesheim";"GAA-Hi";"https://uvi.bfs.de/Tagesgrafiken/Legende/indexHY.html"
"33199";"HY";"2020-03-15T20:00:00Z";"UVI";"2";;"Norderney";"Gewerbeaufsichtsamt Hildesheim";"GAA-Hi";"https://uvi.bfs.de/Tagesgrafiken/Legende/indexHY.html"
"33229";"HY";"2020-03-16T20:00:00Z";"UVI";"2";;"Norderney";"Gewerbeaufsichtsamt Hildesheim";"GAA-Hi";"https://uvi.bfs.de/Tagesgrafiken/Legende/indexHY.html"
"33277";"HY";"2020-03-17T20:00:00Z";"UVI";"2";;"Norderney";"Gewerbeaufsichtsamt Hildesheim";"GAA-Hi";"https://uvi.bfs.de/Tagesgrafiken/Legende/indexHY.html"
"33289";"HY";"2020-03-18T20:00:00Z";"UVI";"1";;"Norderney";"Gewerbeaufsichtsamt Hildesheim";"GAA-Hi";"https://uvi.bfs.de/Tagesgrafiken/Legende/indexHY.html"
"33331";"HY";"2020-03-19T20:00:00Z";"UVI";"2";;"Norderney";"Gewerbeaufsichtsamt Hildesheim";"GAA-Hi";"https://uvi.bfs.de/Tagesgrafiken/Legende/indexHY.html"
"33371";"HY";"2020-03-20T20:00:00Z";"UVI";"2";;"Norderney";"Gewerbeaufsichtsamt Hildesheim";"GAA-Hi";"https://uvi.bfs.de/Tagesgrafiken/Legende/indexHY.html"
"33397";"HY";"2020-03-21T20:00:00Z";"UVI";"2";;"Norderney";"Gewerbeaufsichtsamt Hildesheim";"GAA-Hi";"https://uvi.bfs.de/Tagesgrafiken/Legende/indexHY.html"
"33430";"HY";"2020-03-22T20:00:00Z";"UVI";"2";;"Norderney";"Gewerbeaufsichtsamt Hildesheim";"GAA-Hi";"https://uvi.bfs.de/Tagesgrafiken/Legende/indexHY.html"
"33462";"HY";"2020-03-23T20:00:00Z";"UVI";"3";;"Norderney";"Gewerbeaufsichtsamt Hildesheim";"GAA-Hi";"https://uvi.bfs.de/Tagesgrafiken/Legende/indexHY.html"
"33511";"HY";"2020-03-24T20:00:00Z";"UVI";"3";;"Norderney";"Gewerbeaufsichtsamt Hildesheim";"GAA-Hi";"https://uvi.bfs.de/Tagesgrafiken/Legende/indexHY.html"
"33519";"HY";"2020-03-25T20:00:00Z";"UVI";"3";;"Norderney";"Gewerbeaufsichtsamt Hildesheim";"GAA-Hi";"https://uvi.bfs.de/Tagesgrafiken/Legende/indexHY.html"
"33559";"HY";"2020-03-26T20:00:00Z";"UVI";"3";;"Norderney";"Gewerbeaufsichtsamt Hildesheim";"GAA-Hi";"https://uvi.bfs.de/Tagesgrafiken/Legende/indexHY.html"
"33595";"HY";"2020-03-27T20:00:00Z";"UVI";"3";;"Norderney";"Gewerbeaufsichtsamt Hildesheim";"GAA-Hi";"https://uvi.bfs.de/Tagesgrafiken/Legende/indexHY.html"
"33628";"HY";"2020-03-28T20:00:00Z";"UVI";"3";;"Norderney";"Gewerbeaufsichtsamt Hildesheim";"GAA-Hi";"https://uvi.bfs.de/Tagesgrafiken/Legende/indexHY.html"
"33661";"HY";"2020-03-29T20:00:00Z";"UVI";"2";;"Norderney";"Gewerbeaufsichtsamt Hildesheim";"GAA-Hi";"https://uvi.bfs.de/Tagesgrafiken/Legende/indexHY.html"
"33688";"HY";"2020-03-30T20:00:00Z";"UVI";"3";;"Norderney";"Gewerbeaufsichtsamt Hildesheim";"GAA-Hi";"https://uvi.bfs.de/Tagesgrafiken/Legende/indexHY.html"
"33717";"HY";"2020-03-31T20:00:00Z";"UVI";"3";;"Norderney";"Gewerbeaufsichtsamt Hildesheim";"GAA-Hi";"https://uvi.bfs.de/Tagesgrafiken/Legende/indexHY.html"
"33770";"HY";"2020-04-01T20:00:00Z";"UVI";"3";;"Norderney";"Gewerbeaufsichtsamt Hildesheim";"GAA-Hi";"https://uvi.bfs.de/Tagesgrafiken/Legende/indexHY.html"
"33807";"HY";"2020-04-02T20:00:00Z";"UVI";"3";;"Norderney";"Gewerbeaufsichtsamt Hildesheim";"GAA-Hi";"https://uvi.bfs.de/Tagesgrafiken/Legende/indexHY.html"
"33826";"HY";"2020-04-03T20:00:00Z";"UVI";"3";;"Norderney";"Gewerbeaufsichtsamt Hildesheim";"GAA-Hi";"https://uvi.bfs.de/Tagesgrafiken/Legende/indexHY.html"
"33859";"HY";"2020-04-04T20:00:00Z";"UVI";"4";;"Norderney";"Gewerbeaufsichtsamt Hildesheim";"GAA-Hi";"https://uvi.bfs.de/Tagesgrafiken/Legende/indexHY.html"
"33892";"HY";"2020-04-05T20:00:00Z";"UVI";"4";;"Norderney";"Gewerbeaufsichtsamt Hildesheim";"GAA-Hi";"https://uvi.bfs.de/Tagesgrafiken/Legende/indexHY.html"
"33921";"HY";"2020-04-06T20:00:00Z";"UVI";"4";;"Norderney";"Gewerbeaufsichtsamt Hildesheim";"GAA-Hi";"https://uvi.bfs.de/Tagesgrafiken/Legende/indexHY.html"
"33975";"HY";"2020-04-07T20:00:00Z";"UVI";"4";;"Norderney";"Gewerbeaufsichtsamt Hildesheim";"GAA-Hi";"https://uvi.bfs.de/Tagesgrafiken/Legende/indexHY.html"
"33989";"HY";"2020-04-08T20:00:00Z";"UVI";"4";;"Norderney";"Gewerbeaufsichtsamt Hildesheim";"GAA-Hi";"https://uvi.bfs.de/Tagesgrafiken/Legende/indexHY.html"
"34024";"HY";"2020-04-09T20:00:00Z";"UVI";"3";;"Norderney";"Gewerbeaufsichtsamt Hildesheim";"GAA-Hi";"https://uvi.bfs.de/Tagesgrafiken/Legende/indexHY.html"
"34057";"HY";"2020-04-10T20:00:00Z";"UVI";"4";;"Norderney";"Gewerbeaufsichtsamt Hildesheim";"GAA-Hi";"https://uvi.bfs.de/Tagesgrafiken/Legende/indexHY.html"
"34090";"HY";"2020-04-11T20:00:00Z";"UVI";"4";;"Norderney";"Gewerbeaufsichtsamt Hildesheim";"GAA-Hi";"https://uvi.bfs.de/Tagesgrafiken/Legende/indexHY.html"
"34123";"HY";"2020-04-12T20:00:00Z";"UVI";"4";;"Norderney";"Gewerbeaufsichtsamt Hildesheim";"GAA-Hi";"https://uvi.bfs.de/Tagesgrafiken/Legende/indexHY.html"
"34158";"HY";"2020-04-13T20:00:00Z";"UVI";"3";;"Norderney";"Gewerbeaufsichtsamt Hildesheim";"GAA-Hi";"https://uvi.bfs.de/Tagesgrafiken/Legende/indexHY.html"
"34211";"HY";"2020-04-14T20:00:00Z";"UVI";"4";;"Norderney";"Gewerbeaufsichtsamt Hildesheim";"GAA-Hi";"https://uvi.bfs.de/Tagesgrafiken/Legende/indexHY.html"
"34222";"HY";"2020-04-15T20:00:00Z";"UVI";"4";;"Norderney";"Gewerbeaufsichtsamt Hildesheim";"GAA-Hi";"https://uvi.bfs.de/Tagesgrafiken/Legende/indexHY.html"
"34255";"HY";"2020-04-16T20:00:00Z";"UVI";"4";;"Norderney";"Gewerbeaufsichtsamt Hildesheim";"GAA-Hi";"https://uvi.bfs.de/Tagesgrafiken/Legende/indexHY.html"
"34299";"HY";"2020-04-17T20:00:00Z";"UVI";"4";;"Norderney";"Gewerbeaufsichtsamt Hildesheim";"GAA-Hi";"https://uvi.bfs.de/Tagesgrafiken/Legende/indexHY.html"
"34323";"HY";"2020-04-18T20:00:00Z";"UVI";"4";;"Norderney";"Gewerbeaufsichtsamt Hildesheim";"GAA-Hi";"https://uvi.bfs.de/Tagesgrafiken/Legende/indexHY.html"
"34354";"HY";"2020-04-19T20:00:00Z";"UVI";"4";;"Norderney";"Gewerbeaufsichtsamt Hildesheim";"GAA-Hi";"https://uvi.bfs.de/Tagesgrafiken/Legende/indexHY.html"
"34385";"HY";"2020-04-20T20:00:00Z";"UVI";"4";;"Norderney";"Gewerbeaufsichtsamt Hildesheim";"GAA-Hi";"https://uvi.bfs.de/Tagesgrafiken/Legende/indexHY.html"
"34435";"HY";"2020-04-21T20:00:00Z";"UVI";"4";;"Norderney";"Gewerbeaufsichtsamt Hildesheim";"GAA-Hi";"https://uvi.bfs.de/Tagesgrafiken/Legende/indexHY.html"
"34464";"HY";"2020-04-22T20:00:00Z";"UVI";"5";;"Norderney";"Gewerbeaufsichtsamt Hildesheim";"GAA-Hi";"https://uvi.bfs.de/Tagesgrafiken/Legende/indexHY.html"
"34487";"HY";"2020-04-23T20:00:00Z";"UVI";"4";;"Norderney";"Gewerbeaufsichtsamt Hildesheim";"GAA-Hi";"https://uvi.bfs.de/Tagesgrafiken/Legende/indexHY.html"
"34519";"HY";"2020-04-24T20:00:00Z";"UVI";"3";;"Norderney";"Gewerbeaufsichtsamt Hildesheim";"GAA-Hi";"https://uvi.bfs.de/Tagesgrafiken/Legende/indexHY.html"
"34566";"HY";"2020-04-25T20:00:00Z";"UVI";"4";;"Norderney";"Gewerbeaufsichtsamt Hildesheim";"GAA-Hi";"https://uvi.bfs.de/Tagesgrafiken/Legende/indexHY.html"
"34585";"HY";"2020-04-26T20:00:00Z";"UVI";"3";;"Norderney";"Gewerbeaufsichtsamt Hildesheim";"GAA-Hi";"https://uvi.bfs.de/Tagesgrafiken/Legende/indexHY.html"
"34608";"HY";"2020-04-27T20:00:00Z";"UVI";"4";;"Norderney";"Gewerbeaufsichtsamt Hildesheim";"GAA-Hi";"https://uvi.bfs.de/Tagesgrafiken/Legende/indexHY.html"
"34651";"HY";"2020-04-28T20:00:00Z";"UVI";"2";;"Norderney";"Gewerbeaufsichtsamt Hildesheim";"GAA-Hi";"https://uvi.bfs.de/Tagesgrafiken/Legende/indexHY.html"
"34701";"HY";"2020-04-29T20:00:00Z";"UVI";"1";;"Norderney";"Gewerbeaufsichtsamt Hildesheim";"GAA-Hi";"https://uvi.bfs.de/Tagesgrafiken/Legende/indexHY.html"
"34713";"HY";"2020-04-30T20:00:00Z";"UVI";"4";;"Norderney";"Gewerbeaufsichtsamt Hildesheim";"GAA-Hi";"https://uvi.bfs.de/Tagesgrafiken/Legende/indexHY.html"
"34750";"HY";"2020-05-01T20:00:00Z";"UVI";"3";;"Norderney";"Gewerbeaufsichtsamt Hildesheim";"GAA-Hi";"https://uvi.bfs.de/Tagesgrafiken/Legende/indexHY.html"
"34783";"HY";"2020-05-02T20:00:00Z";"UVI";"4";;"Norderney";"Gewerbeaufsichtsamt Hildesheim";"GAA-Hi";"https://uvi.bfs.de/Tagesgrafiken/Legende/indexHY.html"
"34815";"HY";"2020-05-03T20:00:00Z";"UVI";"5";;"Norderney";"Gewerbeaufsichtsamt Hildesheim";"GAA-Hi";"https://uvi.bfs.de/Tagesgrafiken/Legende/indexHY.html"
"34844";"HY";"2020-05-04T20:00:00Z";"UVI";"4";;"Norderney";"Gewerbeaufsichtsamt Hildesheim";"GAA-Hi";"https://uvi.bfs.de/Tagesgrafiken/Legende/indexHY.html"
"34892";"HY";"2020-05-05T20:00:00Z";"UVI";"4";;"Norderney";"Gewerbeaufsichtsamt Hildesheim";"GAA-Hi";"https://uvi.bfs.de/Tagesgrafiken/Legende/indexHY.html"
"34915";"HY";"2020-05-06T20:00:00Z";"UVI";"5";;"Norderney";"Gewerbeaufsichtsamt Hildesheim";"GAA-Hi";"https://uvi.bfs.de/Tagesgrafiken/Legende/indexHY.html"
"34948";"HY";"2020-05-07T20:00:00Z";"UVI";"5";;"Norderney";"Gewerbeaufsichtsamt Hildesheim";"GAA-Hi";"https://uvi.bfs.de/Tagesgrafiken/Legende/indexHY.html"
"34983";"HY";"2020-05-08T20:00:00Z";"UVI";"5";;"Norderney";"Gewerbeaufsichtsamt Hildesheim";"GAA-Hi";"https://uvi.bfs.de/Tagesgrafiken/Legende/indexHY.html"
"35007";"HY";"2020-05-09T20:00:00Z";"UVI";"5";;"Norderney";"Gewerbeaufsichtsamt Hildesheim";"GAA-Hi";"https://uvi.bfs.de/Tagesgrafiken/Legende/indexHY.html"
"35047";"HY";"2020-05-10T20:00:00Z";"UVI";"5";;"Norderney";"Gewerbeaufsichtsamt Hildesheim";"GAA-Hi";"https://uvi.bfs.de/Tagesgrafiken/Legende/indexHY.html"
"35075";"HY";"2020-05-11T20:00:00Z";"UVI";"5";;"Norderney";"Gewerbeaufsichtsamt Hildesheim";"GAA-Hi";"https://uvi.bfs.de/Tagesgrafiken/Legende/indexHY.html"
"35103";"HY";"2020-05-12T20:00:00Z";"UVI";"5";;"Norderney";"Gewerbeaufsichtsamt Hildesheim";"GAA-Hi";"https://uvi.bfs.de/Tagesgrafiken/Legende/indexHY.html"
"35146";"HY";"2020-05-13T20:00:00Z";"UVI";"5";;"Norderney";"Gewerbeaufsichtsamt Hildesheim";"GAA-Hi";"https://uvi.bfs.de/Tagesgrafiken/Legende/indexHY.html"
"35177";"HY";"2020-05-14T20:00:00Z";"UVI";"5";;"Norderney";"Gewerbeaufsichtsamt Hildesheim";"GAA-Hi";"https://uvi.bfs.de/Tagesgrafiken/Legende/indexHY.html"
"35234";"HY";"2020-05-15T20:00:00Z";"UVI";"5";;"Norderney";"Gewerbeaufsichtsamt Hildesheim";"GAA-Hi";"https://uvi.bfs.de/Tagesgrafiken/Legende/indexHY.html"
"35245";"HY";"2020-05-16T20:00:00Z";"UVI";"5";;"Norderney";"Gewerbeaufsichtsamt Hildesheim";"GAA-Hi";"https://uvi.bfs.de/Tagesgrafiken/Legende/indexHY.html"
"35270";"HY";"2020-05-17T20:00:00Z";"UVI";"6";;"Norderney";"Gewerbeaufsichtsamt Hildesheim";"GAA-Hi";"https://uvi.bfs.de/Tagesgrafiken/Legende/indexHY.html"
"35328";"HY";"2020-05-18T20:00:00Z";"UVI";"5";;"Norderney";"Gewerbeaufsichtsamt Hildesheim";"GAA-Hi";"https://uvi.bfs.de/Tagesgrafiken/Legende/indexHY.html"
"35344";"HY";"2020-05-19T20:00:00Z";"UVI";"6";;"Norderney";"Gewerbeaufsichtsamt Hildesheim";"GAA-Hi";"https://uvi.bfs.de/Tagesgrafiken/Legende/indexHY.html"
"35377";"HY";"2020-05-20T20:00:00Z";"UVI";"6";;"Norderney";"Gewerbeaufsichtsamt Hildesheim";"GAA-Hi";"https://uvi.bfs.de/Tagesgrafiken/Legende/indexHY.html"
"35416";"HY";"2020-05-21T20:00:00Z";"UVI";"6";;"Norderney";"Gewerbeaufsichtsamt Hildesheim";"GAA-Hi";"https://uvi.bfs.de/Tagesgrafiken/Legende/indexHY.html"
"35443";"HY";"2020-05-22T20:00:00Z";"UVI";"3";;"Norderney";"Gewerbeaufsichtsamt Hildesheim";"GAA-Hi";"https://uvi.bfs.de/Tagesgrafiken/Legende/indexHY.html"
"35476";"HY";"2020-05-23T20:00:00Z";"UVI";"5";;"Norderney";"Gewerbeaufsichtsamt Hildesheim";"GAA-Hi";"https://uvi.bfs.de/Tagesgrafiken/Legende/indexHY.html"
"35509";"HY";"2020-05-24T20:00:00Z";"UVI";"4";;"Norderney";"Gewerbeaufsichtsamt Hildesheim";"GAA-Hi";"https://uvi.bfs.de/Tagesgrafiken/Legende/indexHY.html"
"35541";"HY";"2020-05-25T20:00:00Z";"UVI";"5";;"Norderney";"Gewerbeaufsichtsamt Hildesheim";"GAA-Hi";"https://uvi.bfs.de/Tagesgrafiken/Legende/indexHY.html"
"35575";"HY";"2020-05-26T20:00:00Z";"UVI";"6";;"Norderney";"Gewerbeaufsichtsamt Hildesheim";"GAA-Hi";"https://uvi.bfs.de/Tagesgrafiken/Legende/indexHY.html"
"35616";"HY";"2020-05-27T20:00:00Z";"UVI";"6";;"Norderney";"Gewerbeaufsichtsamt Hildesheim";"GAA-Hi";"https://uvi.bfs.de/Tagesgrafiken/Legende/indexHY.html"
"35635";"HY";"2020-05-28T20:00:00Z";"UVI";"6";;"Norderney";"Gewerbeaufsichtsamt Hildesheim";"GAA-Hi";"https://uvi.bfs.de/Tagesgrafiken/Legende/indexHY.html"
"35674";"HY";"2020-05-29T20:00:00Z";"UVI";"6";;"Norderney";"Gewerbeaufsichtsamt Hildesheim";"GAA-Hi";"https://uvi.bfs.de/Tagesgrafiken/Legende/indexHY.html"
"35703";"HY";"2020-05-30T20:00:00Z";"UVI";"6";;"Norderney";"Gewerbeaufsichtsamt Hildesheim";"GAA-Hi";"https://uvi.bfs.de/Tagesgrafiken/Legende/indexHY.html"
"35731";"HY";"2020-05-31T20:00:00Z";"UVI";"5";;"Norderney";"Gewerbeaufsichtsamt Hildesheim";"GAA-Hi";"https://uvi.bfs.de/Tagesgrafiken/Legende/indexHY.html"
"35791";"HY";"2020-06-01T20:00:00Z";"UVI";"6";;"Norderney";"Gewerbeaufsichtsamt Hildesheim";"GAA-Hi";"https://uvi.bfs.de/Tagesgrafiken/Legende/indexHY.html"
"35806";"HY";"2020-06-02T20:00:00Z";"UVI";"6";;"Norderney";"Gewerbeaufsichtsamt Hildesheim";"GAA-Hi";"https://uvi.bfs.de/Tagesgrafiken/Legende/indexHY.html"
"35832";"HY";"2020-06-03T20:00:00Z";"UVI";"5";;"Norderney";"Gewerbeaufsichtsamt Hildesheim";"GAA-Hi";"https://uvi.bfs.de/Tagesgrafiken/Legende/indexHY.html"
"35872";"HY";"2020-06-04T20:00:00Z";"UVI";"1";;"Norderney";"Gewerbeaufsichtsamt Hildesheim";"GAA-Hi";"https://uvi.bfs.de/Tagesgrafiken/Legende/indexHY.html"
"35910";"HY";"2020-06-05T20:00:00Z";"UVI";"3";;"Norderney";"Gewerbeaufsichtsamt Hildesheim";"GAA-Hi";"https://uvi.bfs.de/Tagesgrafiken/Legende/indexHY.html"
"35938";"HY";"2020-06-06T20:00:00Z";"UVI";"5";;"Norderney";"Gewerbeaufsichtsamt Hildesheim";"GAA-Hi";"https://uvi.bfs.de/Tagesgrafiken/Legende/indexHY.html"
"35971";"HY";"2020-06-07T20:00:00Z";"UVI";"5";;"Norderney";"Gewerbeaufsichtsamt Hildesheim";"GAA-Hi";"https://uvi.bfs.de/Tagesgrafiken/Legende/indexHY.html"
"36001";"HY";"2020-06-08T20:00:00Z";"UVI";"6";;"Norderney";"Gewerbeaufsichtsamt Hildesheim";"GAA-Hi";"https://uvi.bfs.de/Tagesgrafiken/Legende/indexHY.html"
"36042";"HY";"2020-06-09T20:00:00Z";"UVI";"6";;"Norderney";"Gewerbeaufsichtsamt Hildesheim";"GAA-Hi";"https://uvi.bfs.de/Tagesgrafiken/Legende/indexHY.html"
"36088";"HY";"2020-06-10T20:00:00Z";"UVI";"4";;"Norderney";"Gewerbeaufsichtsamt Hildesheim";"GAA-Hi";"https://uvi.bfs.de/Tagesgrafiken/Legende/indexHY.html"
"36240";"HY";"2020-06-15T20:00:00Z";"UVI";"7";;"Norderney";"Gewerbeaufsichtsamt Hildesheim";"GAA-Hi";"https://uvi.bfs.de/Tagesgrafiken/Legende/indexHY.html"
"36265";"HY";"2020-06-16T20:00:00Z";"UVI";"7";;"Norderney";"Gewerbeaufsichtsamt Hildesheim";"GAA-Hi";"https://uvi.bfs.de/Tagesgrafiken/Legende/indexHY.html"
"36313";"HY";"2020-06-17T20:00:00Z";"UVI";"6";;"Norderney";"Gewerbeaufsichtsamt Hildesheim";"GAA-Hi";"https://uvi.bfs.de/Tagesgrafiken/Legende/indexHY.html"
"36333";"HY";"2020-06-18T20:00:00Z";"UVI";"5";;"Norderney";"Gewerbeaufsichtsamt Hildesheim";"GAA-Hi";"https://uvi.bfs.de/Tagesgrafiken/Legende/indexHY.html"
"36378";"HY";"2020-06-19T20:00:00Z";"UVI";"7";;"Norderney";"Gewerbeaufsichtsamt Hildesheim";"GAA-Hi";"https://uvi.bfs.de/Tagesgrafiken/Legende/indexHY.html"
"36412";"HY";"2020-06-20T20:00:00Z";"UVI";"7";;"Norderney";"Gewerbeaufsichtsamt Hildesheim";"GAA-Hi";"https://uvi.bfs.de/Tagesgrafiken/Legende/indexHY.html"
"36446";"HY";"2020-06-21T20:00:00Z";"UVI";"7";;"Norderney";"Gewerbeaufsichtsamt Hildesheim";"GAA-Hi";"https://uvi.bfs.de/Tagesgrafiken/Legende/indexHY.html"
"36472";"HY";"2020-06-22T20:00:00Z";"UVI";"7";;"Norderney";"Gewerbeaufsichtsamt Hildesheim";"GAA-Hi";"https://uvi.bfs.de/Tagesgrafiken/Legende/indexHY.html"
"36522";"HY";"2020-06-23T20:00:00Z";"UVI";"8";;"Norderney";"Gewerbeaufsichtsamt Hildesheim";"GAA-Hi";"https://uvi.bfs.de/Tagesgrafiken/Legende/indexHY.html"
"36548";"HY";"2020-06-24T20:00:00Z";"UVI";"7";;"Norderney";"Gewerbeaufsichtsamt Hildesheim";"GAA-Hi";"https://uvi.bfs.de/Tagesgrafiken/Legende/indexHY.html"
"36582";"HY";"2020-06-25T20:00:00Z";"UVI";"7";;"Norderney";"Gewerbeaufsichtsamt Hildesheim";"GAA-Hi";"https://uvi.bfs.de/Tagesgrafiken/Legende/indexHY.html"
"36616";"HY";"2020-06-26T20:00:00Z";"UVI";"7";;"Norderney";"Gewerbeaufsichtsamt Hildesheim";"GAA-Hi";"https://uvi.bfs.de/Tagesgrafiken/Legende/indexHY.html"
"36671";"HY";"2020-06-27T20:00:00Z";"UVI";"6";;"Norderney";"Gewerbeaufsichtsamt Hildesheim";"GAA-Hi";"https://uvi.bfs.de/Tagesgrafiken/Legende/indexHY.html"
"36684";"HY";"2020-06-28T20:00:00Z";"UVI";"7";;"Norderney";"Gewerbeaufsichtsamt Hildesheim";"GAA-Hi";"https://uvi.bfs.de/Tagesgrafiken/Legende/indexHY.html"
"36713";"HY";"2020-06-29T20:00:00Z";"UVI";"5";;"Norderney";"Gewerbeaufsichtsamt Hildesheim";"GAA-Hi";"https://uvi.bfs.de/Tagesgrafiken/Legende/indexHY.html"
"36838";"HY";"2020-07-02T20:00:00Z";"UVI";"5";;"Norderney";"Gewerbeaufsichtsamt Hildesheim";"GAA-Hi";"https://uvi.bfs.de/Tagesgrafiken/Legende/indexHY.html"
"36871";"HY";"2020-07-03T20:00:00Z";"UVI";"6";;"Norderney";"Gewerbeaufsichtsamt Hildesheim";"GAA-Hi";"https://uvi.bfs.de/Tagesgrafiken/Legende/indexHY.html"
"36880";"HY";"2020-07-04T20:00:00Z";"UVI";"2";;"Norderney";"Gewerbeaufsichtsamt Hildesheim";"GAA-Hi";"https://uvi.bfs.de/Tagesgrafiken/Legende/indexHY.html"
"36922";"HY";"2020-07-05T20:00:00Z";"UVI";"5";;"Norderney";"Gewerbeaufsichtsamt Hildesheim";"GAA-Hi";"https://uvi.bfs.de/Tagesgrafiken/Legende/indexHY.html"
"36965";"HY";"2020-07-06T20:00:00Z";"UVI";"6";;"Norderney";"Gewerbeaufsichtsamt Hildesheim";"GAA-Hi";"https://uvi.bfs.de/Tagesgrafiken/Legende/indexHY.html"
"36996";"HY";"2020-07-07T20:00:00Z";"UVI";"6";;"Norderney";"Gewerbeaufsichtsamt Hildesheim";"GAA-Hi";"https://uvi.bfs.de/Tagesgrafiken/Legende/indexHY.html"
"37040";"HY";"2020-07-08T20:00:00Z";"UVI";"3";;"Norderney";"Gewerbeaufsichtsamt Hildesheim";"GAA-Hi";"https://uvi.bfs.de/Tagesgrafiken/Legende/indexHY.html"
"37050";"HY";"2020-07-09T20:00:00Z";"UVI";"4";;"Norderney";"Gewerbeaufsichtsamt Hildesheim";"GAA-Hi";"https://uvi.bfs.de/Tagesgrafiken/Legende/indexHY.html"
"37082";"HY";"2020-07-10T20:00:00Z";"UVI";"4";;"Norderney";"Gewerbeaufsichtsamt Hildesheim";"GAA-Hi";"https://uvi.bfs.de/Tagesgrafiken/Legende/indexHY.html"
"37126";"HY";"2020-07-11T20:00:00Z";"UVI";"6";;"Norderney";"Gewerbeaufsichtsamt Hildesheim";"GAA-Hi";"https://uvi.bfs.de/Tagesgrafiken/Legende/indexHY.html"
"37160";"HY";"2020-07-12T20:00:00Z";"UVI";"7";;"Norderney";"Gewerbeaufsichtsamt Hildesheim";"GAA-Hi";"https://uvi.bfs.de/Tagesgrafiken/Legende/indexHY.html"
"37213";"HY";"2020-07-13T20:00:00Z";"UVI";"7";;"Norderney";"Gewerbeaufsichtsamt Hildesheim";"GAA-Hi";"https://uvi.bfs.de/Tagesgrafiken/Legende/indexHY.html"
"37238";"HY";"2020-07-14T20:00:00Z";"UVI";"2";;"Norderney";"Gewerbeaufsichtsamt Hildesheim";"GAA-Hi";"https://uvi.bfs.de/Tagesgrafiken/Legende/indexHY.html"
"37271";"HY";"2020-07-15T20:00:00Z";"UVI";"6";;"Norderney";"Gewerbeaufsichtsamt Hildesheim";"GAA-Hi";"https://uvi.bfs.de/Tagesgrafiken/Legende/indexHY.html"
"37313";"HY";"2020-07-16T20:00:00Z";"UVI";"7";;"Norderney";"Gewerbeaufsichtsamt Hildesheim";"GAA-Hi";"https://uvi.bfs.de/Tagesgrafiken/Legende/indexHY.html"
"37321";"HY";"2020-07-17T20:00:00Z";"UVI";"7";;"Norderney";"Gewerbeaufsichtsamt Hildesheim";"GAA-Hi";"https://uvi.bfs.de/Tagesgrafiken/Legende/indexHY.html"
"37368";"HY";"2020-07-18T20:00:00Z";"UVI";"6";;"Norderney";"Gewerbeaufsichtsamt Hildesheim";"GAA-Hi";"https://uvi.bfs.de/Tagesgrafiken/Legende/indexHY.html"
"37396";"HY";"2020-07-19T20:00:00Z";"UVI";"7";;"Norderney";"Gewerbeaufsichtsamt Hildesheim";"GAA-Hi";"https://uvi.bfs.de/Tagesgrafiken/Legende/indexHY.html"
"37425";"HY";"2020-07-20T20:00:00Z";"UVI";"7";;"Norderney";"Gewerbeaufsichtsamt Hildesheim";"GAA-Hi";"https://uvi.bfs.de/Tagesgrafiken/Legende/indexHY.html"
"37483";"HY";"2020-07-21T20:00:00Z";"UVI";"7";;"Norderney";"Gewerbeaufsichtsamt Hildesheim";"GAA-Hi";"https://uvi.bfs.de/Tagesgrafiken/Legende/indexHY.html"
"37500";"HY";"2020-07-22T20:00:00Z";"UVI";"7";;"Norderney";"Gewerbeaufsichtsamt Hildesheim";"GAA-Hi";"https://uvi.bfs.de/Tagesgrafiken/Legende/indexHY.html"
"37552";"HY";"2020-07-23T20:00:00Z";"UVI";"6";;"Norderney";"Gewerbeaufsichtsamt Hildesheim";"GAA-Hi";"https://uvi.bfs.de/Tagesgrafiken/Legende/indexHY.html"
"37569";"HY";"2020-07-24T20:00:00Z";"UVI";"7";;"Norderney";"Gewerbeaufsichtsamt Hildesheim";"GAA-Hi";"https://uvi.bfs.de/Tagesgrafiken/Legende/indexHY.html"
"37602";"HY";"2020-07-25T20:00:00Z";"UVI";"6";;"Norderney";"Gewerbeaufsichtsamt Hildesheim";"GAA-Hi";"https://uvi.bfs.de/Tagesgrafiken/Legende/indexHY.html"
"37636";"HY";"2020-07-26T20:00:00Z";"UVI";"6";;"Norderney";"Gewerbeaufsichtsamt Hildesheim";"GAA-Hi";"https://uvi.bfs.de/Tagesgrafiken/Legende/indexHY.html"
"37670";"HY";"2020-07-27T20:00:00Z";"UVI";"4";;"Norderney";"Gewerbeaufsichtsamt Hildesheim";"GAA-Hi";"https://uvi.bfs.de/Tagesgrafiken/Legende/indexHY.html"
"37723";"HY";"2020-07-28T20:00:00Z";"UVI";"5";;"Norderney";"Gewerbeaufsichtsamt Hildesheim";"GAA-Hi";"https://uvi.bfs.de/Tagesgrafiken/Legende/indexHY.html"
"37744";"HY";"2020-07-29T20:00:00Z";"UVI";"6";;"Norderney";"Gewerbeaufsichtsamt Hildesheim";"GAA-Hi";"https://uvi.bfs.de/Tagesgrafiken/Legende/indexHY.html"
"37772";"HY";"2020-07-30T20:00:00Z";"UVI";"7";;"Norderney";"Gewerbeaufsichtsamt Hildesheim";"GAA-Hi";"https://uvi.bfs.de/Tagesgrafiken/Legende/indexHY.html"
"37811";"HY";"2020-07-31T20:00:00Z";"UVI";"7";;"Norderney";"Gewerbeaufsichtsamt Hildesheim";"GAA-Hi";"https://uvi.bfs.de/Tagesgrafiken/Legende/indexHY.html"
"37840";"HY";"2020-08-01T20:00:00Z";"UVI";"7";;"Norderney";"Gewerbeaufsichtsamt Hildesheim";"GAA-Hi";"https://uvi.bfs.de/Tagesgrafiken/Legende/indexHY.html"
"37874";"HY";"2020-08-02T20:00:00Z";"UVI";"7";;"Norderney";"Gewerbeaufsichtsamt Hildesheim";"GAA-Hi";"https://uvi.bfs.de/Tagesgrafiken/Legende/indexHY.html"
"37923";"HY";"2020-08-03T20:00:00Z";"UVI";"4";;"Norderney";"Gewerbeaufsichtsamt Hildesheim";"GAA-Hi";"https://uvi.bfs.de/Tagesgrafiken/Legende/indexHY.html"
"37962";"HY";"2020-08-04T20:00:00Z";"UVI";"6";;"Norderney";"Gewerbeaufsichtsamt Hildesheim";"GAA-Hi";"https://uvi.bfs.de/Tagesgrafiken/Legende/indexHY.html"
"37985";"HY";"2020-08-05T20:00:00Z";"UVI";"7";;"Norderney";"Gewerbeaufsichtsamt Hildesheim";"GAA-Hi";"https://uvi.bfs.de/Tagesgrafiken/Legende/indexHY.html"
"38010";"HY";"2020-08-06T20:00:00Z";"UVI";"6";;"Norderney";"Gewerbeaufsichtsamt Hildesheim";"GAA-Hi";"https://uvi.bfs.de/Tagesgrafiken/Legende/indexHY.html"
"38036";"HY";"2020-08-07T20:00:00Z";"UVI";"6";;"Norderney";"Gewerbeaufsichtsamt Hildesheim";"GAA-Hi";"https://uvi.bfs.de/Tagesgrafiken/Legende/indexHY.html"
"38078";"HY";"2020-08-08T20:00:00Z";"UVI";"6";;"Norderney";"Gewerbeaufsichtsamt Hildesheim";"GAA-Hi";"https://uvi.bfs.de/Tagesgrafiken/Legende/indexHY.html"
"38117";"HY";"2020-08-09T20:00:00Z";"UVI";"6";;"Norderney";"Gewerbeaufsichtsamt Hildesheim";"GAA-Hi";"https://uvi.bfs.de/Tagesgrafiken/Legende/indexHY.html"
"38158";"HY";"2020-08-10T20:00:00Z";"UVI";"6";;"Norderney";"Gewerbeaufsichtsamt Hildesheim";"GAA-Hi";"https://uvi.bfs.de/Tagesgrafiken/Legende/indexHY.html"
"38201";"HY";"2020-08-11T20:00:00Z";"UVI";"6";;"Norderney";"Gewerbeaufsichtsamt Hildesheim";"GAA-Hi";"https://uvi.bfs.de/Tagesgrafiken/Legende/indexHY.html"
"38229";"HY";"2020-08-12T20:00:00Z";"UVI";"6";;"Norderney";"Gewerbeaufsichtsamt Hildesheim";"GAA-Hi";"https://uvi.bfs.de/Tagesgrafiken/Legende/indexHY.html"
"38259";"HY";"2020-08-13T20:00:00Z";"UVI";"6";;"Norderney";"Gewerbeaufsichtsamt Hildesheim";"GAA-Hi";"https://uvi.bfs.de/Tagesgrafiken/Legende/indexHY.html"
"38282";"HY";"2020-08-14T20:00:00Z";"UVI";"6";;"Norderney";"Gewerbeaufsichtsamt Hildesheim";"GAA-Hi";"https://uvi.bfs.de/Tagesgrafiken/Legende/indexHY.html"
"38331";"HY";"2020-08-15T20:00:00Z";"UVI";"5";;"Norderney";"Gewerbeaufsichtsamt Hildesheim";"GAA-Hi";"https://uvi.bfs.de/Tagesgrafiken/Legende/indexHY.html"
"38350";"HY";"2020-08-16T20:00:00Z";"UVI";"5";;"Norderney";"Gewerbeaufsichtsamt Hildesheim";"GAA-Hi";"https://uvi.bfs.de/Tagesgrafiken/Legende/indexHY.html"
"38393";"HY";"2020-08-17T20:00:00Z";"UVI";"3";;"Norderney";"Gewerbeaufsichtsamt Hildesheim";"GAA-Hi";"https://uvi.bfs.de/Tagesgrafiken/Legende/indexHY.html"
"38427";"HY";"2020-08-18T20:00:00Z";"UVI";"6";;"Norderney";"Gewerbeaufsichtsamt Hildesheim";"GAA-Hi";"https://uvi.bfs.de/Tagesgrafiken/Legende/indexHY.html"
"38466";"HY";"2020-08-19T20:00:00Z";"UVI";"6";;"Norderney";"Gewerbeaufsichtsamt Hildesheim";"GAA-Hi";"https://uvi.bfs.de/Tagesgrafiken/Legende/indexHY.html"
"38486";"HY";"2020-08-20T20:00:00Z";"UVI";"6";;"Norderney";"Gewerbeaufsichtsamt Hildesheim";"GAA-Hi";"https://uvi.bfs.de/Tagesgrafiken/Legende/indexHY.html"
"38527";"HY";"2020-08-21T20:00:00Z";"UVI";"6";;"Norderney";"Gewerbeaufsichtsamt Hildesheim";"GAA-Hi";"https://uvi.bfs.de/Tagesgrafiken/Legende/indexHY.html"
"38554";"HY";"2020-08-22T20:00:00Z";"UVI";"5";;"Norderney";"Gewerbeaufsichtsamt Hildesheim";"GAA-Hi";"https://uvi.bfs.de/Tagesgrafiken/Legende/indexHY.html"
"38577";"HY";"2020-08-23T20:00:00Z";"UVI";"5";;"Norderney";"Gewerbeaufsichtsamt Hildesheim";"GAA-Hi";"https://uvi.bfs.de/Tagesgrafiken/Legende/indexHY.html"
"38640";"HY";"2020-08-24T20:00:00Z";"UVI";"4";;"Norderney";"Gewerbeaufsichtsamt Hildesheim";"GAA-Hi";"https://uvi.bfs.de/Tagesgrafiken/Legende/indexHY.html"
"38665";"HY";"2020-08-25T20:00:00Z";"UVI";"3";;"Norderney";"Gewerbeaufsichtsamt Hildesheim";"GAA-Hi";"https://uvi.bfs.de/Tagesgrafiken/Legende/indexHY.html"
"38690";"HY";"2020-08-26T20:00:00Z";"UVI";"4";;"Norderney";"Gewerbeaufsichtsamt Hildesheim";"GAA-Hi";"https://uvi.bfs.de/Tagesgrafiken/Legende/indexHY.html"
"38714";"HY";"2020-08-27T20:00:00Z";"UVI";"4";;"Norderney";"Gewerbeaufsichtsamt Hildesheim";"GAA-Hi";"https://uvi.bfs.de/Tagesgrafiken/Legende/indexHY.html"
"38755";"HY";"2020-08-28T20:00:00Z";"UVI";"5";;"Norderney";"Gewerbeaufsichtsamt Hildesheim";"GAA-Hi";"https://uvi.bfs.de/Tagesgrafiken/Legende/indexHY.html"
"38792";"HY";"2020-08-29T20:00:00Z";"UVI";"3";;"Norderney";"Gewerbeaufsichtsamt Hildesheim";"GAA-Hi";"https://uvi.bfs.de/Tagesgrafiken/Legende/indexHY.html"
"38816";"HY";"2020-08-30T20:00:00Z";"UVI";"4";;"Norderney";"Gewerbeaufsichtsamt Hildesheim";"GAA-Hi";"https://uvi.bfs.de/Tagesgrafiken/Legende/indexHY.html"
"38876";"HY";"2020-08-31T20:00:00Z";"UVI";"5";;"Norderney";"Gewerbeaufsichtsamt Hildesheim";"GAA-Hi";"https://uvi.bfs.de/Tagesgrafiken/Legende/indexHY.html"
"38894";"HY";"2020-09-01T20:00:00Z";"UVI";"4";;"Norderney";"Gewerbeaufsichtsamt Hildesheim";"GAA-Hi";"https://uvi.bfs.de/Tagesgrafiken/Legende/indexHY.html"
"38937";"HY";"2020-09-02T20:00:00Z";"UVI";"4";;"Norderney";"Gewerbeaufsichtsamt Hildesheim";"GAA-Hi";"https://uvi.bfs.de/Tagesgrafiken/Legende/indexHY.html"
"38962";"HY";"2020-09-03T20:00:00Z";"UVI";"1";;"Norderney";"Gewerbeaufsichtsamt Hildesheim";"GAA-Hi";"https://uvi.bfs.de/Tagesgrafiken/Legende/indexHY.html"
"38995";"HY";"2020-09-04T20:00:00Z";"UVI";"4";;"Norderney";"Gewerbeaufsichtsamt Hildesheim";"GAA-Hi";"https://uvi.bfs.de/Tagesgrafiken/Legende/indexHY.html"
"39030";"HY";"2020-09-05T20:00:00Z";"UVI";"4";;"Norderney";"Gewerbeaufsichtsamt Hildesheim";"GAA-Hi";"https://uvi.bfs.de/Tagesgrafiken/Legende/indexHY.html"
"39060";"HY";"2020-09-06T20:00:00Z";"UVI";"5";;"Norderney";"Gewerbeaufsichtsamt Hildesheim";"GAA-Hi";"https://uvi.bfs.de/Tagesgrafiken/Legende/indexHY.html"
"39092";"HY";"2020-09-07T20:00:00Z";"UVI";"5";;"Norderney";"Gewerbeaufsichtsamt Hildesheim";"GAA-Hi";"https://uvi.bfs.de/Tagesgrafiken/Legende/indexHY.html"
"39140";"HY";"2020-09-08T20:00:00Z";"UVI";"4";;"Norderney";"Gewerbeaufsichtsamt Hildesheim";"GAA-Hi";"https://uvi.bfs.de/Tagesgrafiken/Legende/indexHY.html"
"39187";"HY";"2020-09-09T20:00:00Z";"UVI";"3";;"Norderney";"Gewerbeaufsichtsamt Hildesheim";"GAA-Hi";"https://uvi.bfs.de/Tagesgrafiken/Legende/indexHY.html"
"39200";"HY";"2020-09-10T20:00:00Z";"UVI";"4";;"Norderney";"Gewerbeaufsichtsamt Hildesheim";"GAA-Hi";"https://uvi.bfs.de/Tagesgrafiken/Legende/indexHY.html"
"39255";"HY";"2020-09-11T20:00:00Z";"UVI";"4";;"Norderney";"Gewerbeaufsichtsamt Hildesheim";"GAA-Hi";"https://uvi.bfs.de/Tagesgrafiken/Legende/indexHY.html"
"39268";"HY";"2020-09-12T20:00:00Z";"UVI";"3";;"Norderney";"Gewerbeaufsichtsamt Hildesheim";"GAA-Hi";"https://uvi.bfs.de/Tagesgrafiken/Legende/indexHY.html"
"39302";"HY";"2020-09-13T20:00:00Z";"UVI";"4";;"Norderney";"Gewerbeaufsichtsamt Hildesheim";"GAA-Hi";"https://uvi.bfs.de/Tagesgrafiken/Legende/indexHY.html"
"39329";"HY";"2020-09-14T20:00:00Z";"UVI";"4";;"Norderney";"Gewerbeaufsichtsamt Hildesheim";"GAA-Hi";"https://uvi.bfs.de/Tagesgrafiken/Legende/indexHY.html"
"39383";"HY";"2020-09-15T20:00:00Z";"UVI";"4";;"Norderney";"Gewerbeaufsichtsamt Hildesheim";"GAA-Hi";"https://uvi.bfs.de/Tagesgrafiken/Legende/indexHY.html"
"39403";"HY";"2020-09-16T20:00:00Z";"UVI";"3";;"Norderney";"Gewerbeaufsichtsamt Hildesheim";"GAA-Hi";"https://uvi.bfs.de/Tagesgrafiken/Legende/indexHY.html"
"39438";"HY";"2020-09-17T20:00:00Z";"UVI";"4";;"Norderney";"Gewerbeaufsichtsamt Hildesheim";"GAA-Hi";"https://uvi.bfs.de/Tagesgrafiken/Legende/indexHY.html"
"39494";"HY";"2020-09-18T20:00:00Z";"UVI";"4";;"Norderney";"Gewerbeaufsichtsamt Hildesheim";"GAA-Hi";"https://uvi.bfs.de/Tagesgrafiken/Legende/indexHY.html"
"39519";"HY";"2020-09-19T20:00:00Z";"UVI";"4";;"Norderney";"Gewerbeaufsichtsamt Hildesheim";"GAA-Hi";"https://uvi.bfs.de/Tagesgrafiken/Legende/indexHY.html"
"39540";"HY";"2020-09-20T20:00:00Z";"UVI";"4";;"Norderney";"Gewerbeaufsichtsamt Hildesheim";"GAA-Hi";"https://uvi.bfs.de/Tagesgrafiken/Legende/indexHY.html"
"39593";"HY";"2020-09-21T20:00:00Z";"UVI";"3";;"Norderney";"Gewerbeaufsichtsamt Hildesheim";"GAA-Hi";"https://uvi.bfs.de/Tagesgrafiken/Legende/indexHY.html"
"39602";"HY";"2020-09-22T20:00:00Z";"UVI";"3";;"Norderney";"Gewerbeaufsichtsamt Hildesheim";"GAA-Hi";"https://uvi.bfs.de/Tagesgrafiken/Legende/indexHY.html"
"39631";"HY";"2020-09-23T20:00:00Z";"UVI";"3";;"Norderney";"Gewerbeaufsichtsamt Hildesheim";"GAA-Hi";"https://uvi.bfs.de/Tagesgrafiken/Legende/indexHY.html"
"39676";"HY";"2020-09-24T20:00:00Z";"UVI";"3";;"Norderney";"Gewerbeaufsichtsamt Hildesheim";"GAA-Hi";"https://uvi.bfs.de/Tagesgrafiken/Legende/indexHY.html"
"39720";"HY";"2020-09-25T20:00:00Z";"UVI";"3";;"Norderney";"Gewerbeaufsichtsamt Hildesheim";"GAA-Hi";"https://uvi.bfs.de/Tagesgrafiken/Legende/indexHY.html"
"39755";"HY";"2020-09-26T20:00:00Z";"UVI";"2";;"Norderney";"Gewerbeaufsichtsamt Hildesheim";"GAA-Hi";"https://uvi.bfs.de/Tagesgrafiken/Legende/indexHY.html"
"39772";"HY";"2020-09-27T20:00:00Z";"UVI";"2";;"Norderney";"Gewerbeaufsichtsamt Hildesheim";"GAA-Hi";"https://uvi.bfs.de/Tagesgrafiken/Legende/indexHY.html"
"39811";"HY";"2020-09-28T20:00:00Z";"UVI";"1";;"Norderney";"Gewerbeaufsichtsamt Hildesheim";"GAA-Hi";"https://uvi.bfs.de/Tagesgrafiken/Legende/indexHY.html"
"39837";"HY";"2020-09-29T20:00:00Z";"UVI";"1";;"Norderney";"Gewerbeaufsichtsamt Hildesheim";"GAA-Hi";"https://uvi.bfs.de/Tagesgrafiken/Legende/indexHY.html"
"39882";"HY";"2020-09-30T20:00:00Z";"UVI";"3";;"Norderney";"Gewerbeaufsichtsamt Hildesheim";"GAA-Hi";"https://uvi.bfs.de/Tagesgrafiken/Legende/indexHY.html"
"39905";"HY";"2020-10-01T20:00:00Z";"UVI";"2";;"Norderney";"Gewerbeaufsichtsamt Hildesheim";"GAA-Hi";"https://uvi.bfs.de/Tagesgrafiken/Legende/indexHY.html"
"39937";"HY";"2020-10-02T20:00:00Z";"UVI";"3";;"Norderney";"Gewerbeaufsichtsamt Hildesheim";"GAA-Hi";"https://uvi.bfs.de/Tagesgrafiken/Legende/indexHY.html"
"39980";"HY";"2020-10-03T20:00:00Z";"UVI";"1";;"Norderney";"Gewerbeaufsichtsamt Hildesheim";"GAA-Hi";"https://uvi.bfs.de/Tagesgrafiken/Legende/indexHY.html"
"40003";"HY";"2020-10-04T20:00:00Z";"UVI";"2";;"Norderney";"Gewerbeaufsichtsamt Hildesheim";"GAA-Hi";"https://uvi.bfs.de/Tagesgrafiken/Legende/indexHY.html"
"40036";"HY";"2020-10-05T20:00:00Z";"UVI";"2";;"Norderney";"Gewerbeaufsichtsamt Hildesheim";"GAA-Hi";"https://uvi.bfs.de/Tagesgrafiken/Legende/indexHY.html"
"40078";"HY";"2020-10-06T20:00:00Z";"UVI";"2";;"Norderney";"Gewerbeaufsichtsamt Hildesheim";"GAA-Hi";"https://uvi.bfs.de/Tagesgrafiken/Legende/indexHY.html"
"40096";"HY";"2020-10-07T20:00:00Z";"UVI";"2";;"Norderney";"Gewerbeaufsichtsamt Hildesheim";"GAA-Hi";"https://uvi.bfs.de/Tagesgrafiken/Legende/indexHY.html"
"40135";"HY";"2020-10-08T20:00:00Z";"UVI";"0";;"Norderney";"Gewerbeaufsichtsamt Hildesheim";"GAA-Hi";"https://uvi.bfs.de/Tagesgrafiken/Legende/indexHY.html"
"40177";"HY";"2020-10-09T20:00:00Z";"UVI";"2";;"Norderney";"Gewerbeaufsichtsamt Hildesheim";"GAA-Hi";"https://uvi.bfs.de/Tagesgrafiken/Legende/indexHY.html"
"40201";"HY";"2020-10-10T20:00:00Z";"UVI";"1";;"Norderney";"Gewerbeaufsichtsamt Hildesheim";"GAA-Hi";"https://uvi.bfs.de/Tagesgrafiken/Legende/indexHY.html"
"40234";"HY";"2020-10-11T20:00:00Z";"UVI";"1";;"Norderney";"Gewerbeaufsichtsamt Hildesheim";"GAA-Hi";"https://uvi.bfs.de/Tagesgrafiken/Legende/indexHY.html"
"40267";"HY";"2020-10-12T20:00:00Z";"UVI";"2";;"Norderney";"Gewerbeaufsichtsamt Hildesheim";"GAA-Hi";"https://uvi.bfs.de/Tagesgrafiken/Legende/indexHY.html"
"40300";"HY";"2020-10-13T20:00:00Z";"UVI";"2";;"Norderney";"Gewerbeaufsichtsamt Hildesheim";"GAA-Hi";"https://uvi.bfs.de/Tagesgrafiken/Legende/indexHY.html"
"40809";"HY";"2020-10-28T20:00:00Z";"UVI";"1";;"Norderney";"Gewerbeaufsichtsamt Hildesheim";"GAA-Hi";"https://uvi.bfs.de/Tagesgrafiken/Legende/indexHY.html"
"40836";"HY";"2020-10-29T20:00:00Z";"UVI";"1";;"Norderney";"Gewerbeaufsichtsamt Hildesheim";"GAA-Hi";"https://uvi.bfs.de/Tagesgrafiken/Legende/indexHY.html"
"40874";"HY";"2020-10-30T20:00:00Z";"UVI";"0";;"Norderney";"Gewerbeaufsichtsamt Hildesheim";"GAA-Hi";"https://uvi.bfs.de/Tagesgrafiken/Legende/indexHY.html"
"40888";"HY";"2020-10-31T20:00:00Z";"UVI";"0";;"Norderney";"Gewerbeaufsichtsamt Hildesheim";"GAA-Hi";"https://uvi.bfs.de/Tagesgrafiken/Legende/indexHY.html"
"40927";"HY";"2020-11-01T20:00:00Z";"UVI";"0";;"Norderney";"Gewerbeaufsichtsamt Hildesheim";"GAA-Hi";"https://uvi.bfs.de/Tagesgrafiken/Legende/indexHY.html"
"40958";"HY";"2020-11-02T20:00:00Z";"UVI";"0";;"Norderney";"Gewerbeaufsichtsamt Hildesheim";"GAA-Hi";"https://uvi.bfs.de/Tagesgrafiken/Legende/indexHY.html"
"40997";"HY";"2020-11-03T20:00:00Z";"UVI";"0";;"Norderney";"Gewerbeaufsichtsamt Hildesheim";"GAA-Hi";"https://uvi.bfs.de/Tagesgrafiken/Legende/indexHY.html"
"41027";"HY";"2020-11-04T20:00:00Z";"UVI";"0";;"Norderney";"Gewerbeaufsichtsamt Hildesheim";"GAA-Hi";"https://uvi.bfs.de/Tagesgrafiken/Legende/indexHY.html"
"41079";"HY";"2020-11-05T20:00:00Z";"UVI";"0";;"Norderney";"Gewerbeaufsichtsamt Hildesheim";"GAA-Hi";"https://uvi.bfs.de/Tagesgrafiken/Legende/indexHY.html"
"41092";"HY";"2020-11-06T20:00:00Z";"UVI";"0";;"Norderney";"Gewerbeaufsichtsamt Hildesheim";"GAA-Hi";"https://uvi.bfs.de/Tagesgrafiken/Legende/indexHY.html"
"41125";"HY";"2020-11-07T20:00:00Z";"UVI";"0";;"Norderney";"Gewerbeaufsichtsamt Hildesheim";"GAA-Hi";"https://uvi.bfs.de/Tagesgrafiken/Legende/indexHY.html"
"41158";"HY";"2020-11-08T20:00:00Z";"UVI";"0";;"Norderney";"Gewerbeaufsichtsamt Hildesheim";"GAA-Hi";"https://uvi.bfs.de/Tagesgrafiken/Legende/indexHY.html"
"41185";"HY";"2020-11-09T20:00:00Z";"UVI";"0";;"Norderney";"Gewerbeaufsichtsamt Hildesheim";"GAA-Hi";"https://uvi.bfs.de/Tagesgrafiken/Legende/indexHY.html"
"41232";"HY";"2020-11-10T20:00:00Z";"UVI";"0";;"Norderney";"Gewerbeaufsichtsamt Hildesheim";"GAA-Hi";"https://uvi.bfs.de/Tagesgrafiken/Legende/indexHY.html"
"41247";"HY";"2020-11-11T20:00:00Z";"UVI";"0";;"Norderney";"Gewerbeaufsichtsamt Hildesheim";"GAA-Hi";"https://uvi.bfs.de/Tagesgrafiken/Legende/indexHY.html"
"41300";"HY";"2020-11-12T20:00:00Z";"UVI";"0";;"Norderney";"Gewerbeaufsichtsamt Hildesheim";"GAA-Hi";"https://uvi.bfs.de/Tagesgrafiken/Legende/indexHY.html"
"41343";"HY";"2020-11-13T20:00:00Z";"UVI";"0";;"Norderney";"Gewerbeaufsichtsamt Hildesheim";"GAA-Hi";"https://uvi.bfs.de/Tagesgrafiken/Legende/indexHY.html"
"41356";"HY";"2020-11-14T20:00:00Z";"UVI";"0";;"Norderney";"Gewerbeaufsichtsamt Hildesheim";"GAA-Hi";"https://uvi.bfs.de/Tagesgrafiken/Legende/indexHY.html"
"41389";"HY";"2020-11-15T20:00:00Z";"UVI";"0";;"Norderney";"Gewerbeaufsichtsamt Hildesheim";"GAA-Hi";"https://uvi.bfs.de/Tagesgrafiken/Legende/indexHY.html"
"41414";"HY";"2020-11-16T20:00:00Z";"UVI";"0";;"Norderney";"Gewerbeaufsichtsamt Hildesheim";"GAA-Hi";"https://uvi.bfs.de/Tagesgrafiken/Legende/indexHY.html"
"41473";"HY";"2020-11-17T20:00:00Z";"UVI";"0";;"Norderney";"Gewerbeaufsichtsamt Hildesheim";"GAA-Hi";"https://uvi.bfs.de/Tagesgrafiken/Legende/indexHY.html"
"41508";"HY";"2020-11-18T20:00:00Z";"UVI";"0";;"Norderney";"Gewerbeaufsichtsamt Hildesheim";"GAA-Hi";"https://uvi.bfs.de/Tagesgrafiken/Legende/indexHY.html"
"41521";"HY";"2020-11-19T20:00:00Z";"UVI";"0";;"Norderney";"Gewerbeaufsichtsamt Hildesheim";"GAA-Hi";"https://uvi.bfs.de/Tagesgrafiken/Legende/indexHY.html"
"41554";"HY";"2020-11-20T20:00:00Z";"UVI";"0";;"Norderney";"Gewerbeaufsichtsamt Hildesheim";"GAA-Hi";"https://uvi.bfs.de/Tagesgrafiken/Legende/indexHY.html"
"41576";"HY";"2020-11-21T20:00:00Z";"UVI";"0";;"Norderney";"Gewerbeaufsichtsamt Hildesheim";"GAA-Hi";"https://uvi.bfs.de/Tagesgrafiken/Legende/indexHY.html"
"41620";"HY";"2020-11-22T20:00:00Z";"UVI";"0";;"Norderney";"Gewerbeaufsichtsamt Hildesheim";"GAA-Hi";"https://uvi.bfs.de/Tagesgrafiken/Legende/indexHY.html"
"41660";"HY";"2020-11-23T20:00:00Z";"UVI";"0";;"Norderney";"Gewerbeaufsichtsamt Hildesheim";"GAA-Hi";"https://uvi.bfs.de/Tagesgrafiken/Legende/indexHY.html"
"41680";"HY";"2020-11-24T20:00:00Z";"UVI";"0";;"Norderney";"Gewerbeaufsichtsamt Hildesheim";"GAA-Hi";"https://uvi.bfs.de/Tagesgrafiken/Legende/indexHY.html"
"41716";"HY";"2020-11-25T20:00:00Z";"UVI";"1";;"Norderney";"Gewerbeaufsichtsamt Hildesheim";"GAA-Hi";"https://uvi.bfs.de/Tagesgrafiken/Legende/indexHY.html"
"41766";"HY";"2020-11-26T20:00:00Z";"UVI";"1";;"Norderney";"Gewerbeaufsichtsamt Hildesheim";"GAA-Hi";"https://uvi.bfs.de/Tagesgrafiken/Legende/indexHY.html"
"41802";"HY";"2020-11-27T20:00:00Z";"UVI";"0";;"Norderney";"Gewerbeaufsichtsamt Hildesheim";"GAA-Hi";"https://uvi.bfs.de/Tagesgrafiken/Legende/indexHY.html"
"41818";"HY";"2020-11-28T20:00:00Z";"UVI";"0";;"Norderney";"Gewerbeaufsichtsamt Hildesheim";"GAA-Hi";"https://uvi.bfs.de/Tagesgrafiken/Legende/indexHY.html"
"41845";"HY";"2020-11-29T20:00:00Z";"UVI";"1";;"Norderney";"Gewerbeaufsichtsamt Hildesheim";"GAA-Hi";"https://uvi.bfs.de/Tagesgrafiken/Legende/indexHY.html"
"41887";"HY";"2020-11-30T20:00:00Z";"UVI";"0";;"Norderney";"Gewerbeaufsichtsamt Hildesheim";"GAA-Hi";"https://uvi.bfs.de/Tagesgrafiken/Legende/indexHY.html"
"41913";"HY";"2020-12-01T20:00:00Z";"UVI";"0";;"Norderney";"Gewerbeaufsichtsamt Hildesheim";"GAA-Hi";"https://uvi.bfs.de/Tagesgrafiken/Legende/indexHY.html"
"41959";"HY";"2020-12-02T20:00:00Z";"UVI";"0";;"Norderney";"Gewerbeaufsichtsamt Hildesheim";"GAA-Hi";"https://uvi.bfs.de/Tagesgrafiken/Legende/indexHY.html"
"41983";"HY";"2020-12-03T20:00:00Z";"UVI";"0";;"Norderney";"Gewerbeaufsichtsamt Hildesheim";"GAA-Hi";"https://uvi.bfs.de/Tagesgrafiken/Legende/indexHY.html"
"42009";"HY";"2020-12-04T20:00:00Z";"UVI";"0";;"Norderney";"Gewerbeaufsichtsamt Hildesheim";"GAA-Hi";"https://uvi.bfs.de/Tagesgrafiken/Legende/indexHY.html"
"42062";"HY";"2020-12-05T20:00:00Z";"UVI";"0";;"Norderney";"Gewerbeaufsichtsamt Hildesheim";"GAA-Hi";"https://uvi.bfs.de/Tagesgrafiken/Legende/indexHY.html"
"42082";"HY";"2020-12-06T20:00:00Z";"UVI";"0";;"Norderney";"Gewerbeaufsichtsamt Hildesheim";"GAA-Hi";"https://uvi.bfs.de/Tagesgrafiken/Legende/indexHY.html"
"42109";"HY";"2020-12-07T20:00:00Z";"UVI";"0";;"Norderney";"Gewerbeaufsichtsamt Hildesheim";"GAA-Hi";"https://uvi.bfs.de/Tagesgrafiken/Legende/indexHY.html"
"42154";"HY";"2020-12-08T20:00:00Z";"UVI";"0";;"Norderney";"Gewerbeaufsichtsamt Hildesheim";"GAA-Hi";"https://uvi.bfs.de/Tagesgrafiken/Legende/indexHY.html"
"42180";"HY";"2020-12-09T20:00:00Z";"UVI";"0";;"Norderney";"Gewerbeaufsichtsamt Hildesheim";"GAA-Hi";"https://uvi.bfs.de/Tagesgrafiken/Legende/indexHY.html"
"42233";"HY";"2020-12-10T20:00:00Z";"UVI";"0";;"Norderney";"Gewerbeaufsichtsamt Hildesheim";"GAA-Hi";"https://uvi.bfs.de/Tagesgrafiken/Legende/indexHY.html"
"42264";"HY";"2020-12-11T20:00:00Z";"UVI";"0";;"Norderney";"Gewerbeaufsichtsamt Hildesheim";"GAA-Hi";"https://uvi.bfs.de/Tagesgrafiken/Legende/indexHY.html"
"42274";"HY";"2020-12-12T20:00:00Z";"UVI";"0";;"Norderney";"Gewerbeaufsichtsamt Hildesheim";"GAA-Hi";"https://uvi.bfs.de/Tagesgrafiken/Legende/indexHY.html"
"42326";"HY";"2020-12-13T20:00:00Z";"UVI";"0";;"Norderney";"Gewerbeaufsichtsamt Hildesheim";"GAA-Hi";"https://uvi.bfs.de/Tagesgrafiken/Legende/indexHY.html"
"42345";"HY";"2020-12-14T20:00:00Z";"UVI";"0";;"Norderney";"Gewerbeaufsichtsamt Hildesheim";"GAA-Hi";"https://uvi.bfs.de/Tagesgrafiken/Legende/indexHY.html"
"42378";"HY";"2020-12-15T20:00:00Z";"UVI";"0";;"Norderney";"Gewerbeaufsichtsamt Hildesheim";"GAA-Hi";"https://uvi.bfs.de/Tagesgrafiken/Legende/indexHY.html"
"42401";"HY";"2020-12-16T20:00:00Z";"UVI";"0";;"Norderney";"Gewerbeaufsichtsamt Hildesheim";"GAA-Hi";"https://uvi.bfs.de/Tagesgrafiken/Legende/indexHY.html"
"42459";"HY";"2020-12-17T20:00:00Z";"UVI";"0";;"Norderney";"Gewerbeaufsichtsamt Hildesheim";"GAA-Hi";"https://uvi.bfs.de/Tagesgrafiken/Legende/indexHY.html"
"42491";"HY";"2020-12-18T20:00:00Z";"UVI";"0";;"Norderney";"Gewerbeaufsichtsamt Hildesheim";"GAA-Hi";"https://uvi.bfs.de/Tagesgrafiken/Legende/indexHY.html"
"42523";"HY";"2020-12-19T20:00:00Z";"UVI";"0";;"Norderney";"Gewerbeaufsichtsamt Hildesheim";"GAA-Hi";"https://uvi.bfs.de/Tagesgrafiken/Legende/indexHY.html"
"42540";"HY";"2020-12-20T20:00:00Z";"UVI";"0";;"Norderney";"Gewerbeaufsichtsamt Hildesheim";"GAA-Hi";"https://uvi.bfs.de/Tagesgrafiken/Legende/indexHY.html"
"42577";"HY";"2020-12-21T20:00:00Z";"UVI";"0";;"Norderney";"Gewerbeaufsichtsamt Hildesheim";"GAA-Hi";"https://uvi.bfs.de/Tagesgrafiken/Legende/indexHY.html"
"42621";"HY";"2020-12-22T20:00:00Z";"UVI";"0";;"Norderney";"Gewerbeaufsichtsamt Hildesheim";"GAA-Hi";"https://uvi.bfs.de/Tagesgrafiken/Legende/indexHY.html"
"42637";"HY";"2020-12-23T20:00:00Z";"UVI";"0";;"Norderney";"Gewerbeaufsichtsamt Hildesheim";"GAA-Hi";"https://uvi.bfs.de/Tagesgrafiken/Legende/indexHY.html"
"42675";"HY";"2020-12-24T20:00:00Z";"UVI";"0";;"Norderney";"Gewerbeaufsichtsamt Hildesheim";"GAA-Hi";"https://uvi.bfs.de/Tagesgrafiken/Legende/indexHY.html"
"42709";"HY";"2020-12-25T20:00:00Z";"UVI";"0";;"Norderney";"Gewerbeaufsichtsamt Hildesheim";"GAA-Hi";"https://uvi.bfs.de/Tagesgrafiken/Legende/indexHY.html"
"42742";"HY";"2020-12-26T20:00:00Z";"UVI";"0";;"Norderney";"Gewerbeaufsichtsamt Hildesheim";"GAA-Hi";"https://uvi.bfs.de/Tagesgrafiken/Legende/indexHY.html"
"42769";"HY";"2020-12-27T20:00:00Z";"UVI";"0";;"Norderney";"Gewerbeaufsichtsamt Hildesheim";"GAA-Hi";"https://uvi.bfs.de/Tagesgrafiken/Legende/indexHY.html"
"42826";"HY";"2020-12-28T20:00:00Z";"UVI";"0";;"Norderney";"Gewerbeaufsichtsamt Hildesheim";"GAA-Hi";"https://uvi.bfs.de/Tagesgrafiken/Legende/indexHY.html"
"42854";"HY";"2020-12-29T20:00:00Z";"UVI";"0";;"Norderney";"Gewerbeaufsichtsamt Hildesheim";"GAA-Hi";"https://uvi.bfs.de/Tagesgrafiken/Legende/indexHY.html"
"42874";"HY";"2020-12-30T20:00:00Z";"UVI";"0";;"Norderney";"Gewerbeaufsichtsamt Hildesheim";"GAA-Hi";"https://uvi.bfs.de/Tagesgrafiken/Legende/indexHY.html"
"42902";"HY";"2020-12-31T20:00:00Z";"UVI";"0";;"Norderney";"Gewerbeaufsichtsamt Hildesheim";"GAA-Hi";"https://uvi.bfs.de/Tagesgrafiken/Legende/indexHY.html"
"42973";"HY";"2021-01-02T20:00:00Z";"UVI";"0";;"Norderney";"Gewerbeaufsichtsamt Hildesheim";"GAA-Hi";"https://uvi.bfs.de/Tagesgrafiken/Legende/indexHY.html"
"43002";"HY";"2021-01-03T20:00:00Z";"UVI";"0";;"Norderney";"Gewerbeaufsichtsamt Hildesheim";"GAA-Hi";"https://uvi.bfs.de/Tagesgrafiken/Legende/indexHY.html"
"43028";"HY";"2021-01-04T20:00:00Z";"UVI";"0";;"Norderney";"Gewerbeaufsichtsamt Hildesheim";"GAA-Hi";"https://uvi.bfs.de/Tagesgrafiken/Legende/indexHY.html"
"43090";"HY";"2021-01-05T20:00:00Z";"UVI";"0";;"Norderney";"Gewerbeaufsichtsamt Hildesheim";"GAA-Hi";"https://uvi.bfs.de/Tagesgrafiken/Legende/indexHY.html"
"43116";"HY";"2021-01-06T20:00:00Z";"UVI";"0";;"Norderney";"Gewerbeaufsichtsamt Hildesheim";"GAA-Hi";"https://uvi.bfs.de/Tagesgrafiken/Legende/indexHY.html"
"43127";"HY";"2021-01-07T20:00:00Z";"UVI";"0";;"Norderney";"Gewerbeaufsichtsamt Hildesheim";"GAA-Hi";"https://uvi.bfs.de/Tagesgrafiken/Legende/indexHY.html"
"43171";"HY";"2021-01-08T20:00:00Z";"UVI";"0";;"Norderney";"Gewerbeaufsichtsamt Hildesheim";"GAA-Hi";"https://uvi.bfs.de/Tagesgrafiken/Legende/indexHY.html"
"43205";"HY";"2021-01-09T20:00:00Z";"UVI";"0";;"Norderney";"Gewerbeaufsichtsamt Hildesheim";"GAA-Hi";"https://uvi.bfs.de/Tagesgrafiken/Legende/indexHY.html"
"43231";"HY";"2021-01-10T20:00:00Z";"UVI";"0";;"Norderney";"Gewerbeaufsichtsamt Hildesheim";"GAA-Hi";"https://uvi.bfs.de/Tagesgrafiken/Legende/indexHY.html"
"43267";"HY";"2021-01-11T20:00:00Z";"UVI";"0";;"Norderney";"Gewerbeaufsichtsamt Hildesheim";"GAA-Hi";"https://uvi.bfs.de/Tagesgrafiken/Legende/indexHY.html"
"43311";"HY";"2021-01-12T20:00:00Z";"UVI";"0";;"Norderney";"Gewerbeaufsichtsamt Hildesheim";"GAA-Hi";"https://uvi.bfs.de/Tagesgrafiken/Legende/indexHY.html"
"43349";"HY";"2021-01-13T20:00:00Z";"UVI";"0";;"Norderney";"Gewerbeaufsichtsamt Hildesheim";"GAA-Hi";"https://uvi.bfs.de/Tagesgrafiken/Legende/indexHY.html"
"43379";"HY";"2021-01-14T20:00:00Z";"UVI";"0";;"Norderney";"Gewerbeaufsichtsamt Hildesheim";"GAA-Hi";"https://uvi.bfs.de/Tagesgrafiken/Legende/indexHY.html"
"43420";"HY";"2021-01-15T20:00:00Z";"UVI";"0";;"Norderney";"Gewerbeaufsichtsamt Hildesheim";"GAA-Hi";"https://uvi.bfs.de/Tagesgrafiken/Legende/indexHY.html"
"43435";"HY";"2021-01-16T20:00:00Z";"UVI";"0";;"Norderney";"Gewerbeaufsichtsamt Hildesheim";"GAA-Hi";"https://uvi.bfs.de/Tagesgrafiken/Legende/indexHY.html"
"43483";"HY";"2021-01-17T20:00:00Z";"UVI";"0";;"Norderney";"Gewerbeaufsichtsamt Hildesheim";"GAA-Hi";"https://uvi.bfs.de/Tagesgrafiken/Legende/indexHY.html"
"43492";"HY";"2021-01-18T20:00:00Z";"UVI";"0";;"Norderney";"Gewerbeaufsichtsamt Hildesheim";"GAA-Hi";"https://uvi.bfs.de/Tagesgrafiken/Legende/indexHY.html"
"43534";"HY";"2021-01-19T20:00:00Z";"UVI";"0";;"Norderney";"Gewerbeaufsichtsamt Hildesheim";"GAA-Hi";"https://uvi.bfs.de/Tagesgrafiken/Legende/indexHY.html"
"43568";"HY";"2021-01-20T20:00:00Z";"UVI";"0";;"Norderney";"Gewerbeaufsichtsamt Hildesheim";"GAA-Hi";"https://uvi.bfs.de/Tagesgrafiken/Legende/indexHY.html"
"43617";"HY";"2021-01-21T20:00:00Z";"UVI";"0";;"Norderney";"Gewerbeaufsichtsamt Hildesheim";"GAA-Hi";"https://uvi.bfs.de/Tagesgrafiken/Legende/indexHY.html"
"43645";"HY";"2021-01-22T20:00:00Z";"UVI";"1";;"Norderney";"Gewerbeaufsichtsamt Hildesheim";"GAA-Hi";"https://uvi.bfs.de/Tagesgrafiken/Legende/indexHY.html"
"43655";"HY";"2021-01-23T20:00:00Z";"UVI";"1";;"Norderney";"Gewerbeaufsichtsamt Hildesheim";"GAA-Hi";"https://uvi.bfs.de/Tagesgrafiken/Legende/indexHY.html"
"43699";"HY";"2021-01-24T20:00:00Z";"UVI";"0";;"Norderney";"Gewerbeaufsichtsamt Hildesheim";"GAA-Hi";"https://uvi.bfs.de/Tagesgrafiken/Legende/indexHY.html"
"43725";"HY";"2021-01-25T20:00:00Z";"UVI";"0";;"Norderney";"Gewerbeaufsichtsamt Hildesheim";"GAA-Hi";"https://uvi.bfs.de/Tagesgrafiken/Legende/indexHY.html"
"43765";"HY";"2021-01-26T20:00:00Z";"UVI";"1";;"Norderney";"Gewerbeaufsichtsamt Hildesheim";"GAA-Hi";"https://uvi.bfs.de/Tagesgrafiken/Legende/indexHY.html"
"43798";"HY";"2021-01-27T20:00:00Z";"UVI";"0";;"Norderney";"Gewerbeaufsichtsamt Hildesheim";"GAA-Hi";"https://uvi.bfs.de/Tagesgrafiken/Legende/indexHY.html"
"43831";"HY";"2021-01-28T20:00:00Z";"UVI";"1";;"Norderney";"Gewerbeaufsichtsamt Hildesheim";"GAA-Hi";"https://uvi.bfs.de/Tagesgrafiken/Legende/indexHY.html"
"43864";"HY";"2021-01-29T20:00:00Z";"UVI";"0";;"Norderney";"Gewerbeaufsichtsamt Hildesheim";"GAA-Hi";"https://uvi.bfs.de/Tagesgrafiken/Legende/indexHY.html"
"43913";"HY";"2021-01-30T20:00:00Z";"UVI";"1";;"Norderney";"Gewerbeaufsichtsamt Hildesheim";"GAA-Hi";"https://uvi.bfs.de/Tagesgrafiken/Legende/indexHY.html"
"43938";"HY";"2021-01-31T20:00:00Z";"UVI";"1";;"Norderney";"Gewerbeaufsichtsamt Hildesheim";"GAA-Hi";"https://uvi.bfs.de/Tagesgrafiken/Legende/indexHY.html"
"43963";"HY";"2021-02-01T20:00:00Z";"UVI";"0";;"Norderney";"Gewerbeaufsichtsamt Hildesheim";"GAA-Hi";"https://uvi.bfs.de/Tagesgrafiken/Legende/indexHY.html"
"43991";"HY";"2021-02-02T20:00:00Z";"UVI";"1";;"Norderney";"Gewerbeaufsichtsamt Hildesheim";"GAA-Hi";"https://uvi.bfs.de/Tagesgrafiken/Legende/indexHY.html"
"44031";"HY";"2021-02-03T20:00:00Z";"UVI";"0";;"Norderney";"Gewerbeaufsichtsamt Hildesheim";"GAA-Hi";"https://uvi.bfs.de/Tagesgrafiken/Legende/indexHY.html"
"44062";"HY";"2021-02-04T20:00:00Z";"UVI";"0";;"Norderney";"Gewerbeaufsichtsamt Hildesheim";"GAA-Hi";"https://uvi.bfs.de/Tagesgrafiken/Legende/indexHY.html"
"44106";"HY";"2021-02-05T20:00:00Z";"UVI";"0";;"Norderney";"Gewerbeaufsichtsamt Hildesheim";"GAA-Hi";"https://uvi.bfs.de/Tagesgrafiken/Legende/indexHY.html"
"44128";"HY";"2021-02-06T20:00:00Z";"UVI";"0";;"Norderney";"Gewerbeaufsichtsamt Hildesheim";"GAA-Hi";"https://uvi.bfs.de/Tagesgrafiken/Legende/indexHY.html"
"44161";"HY";"2021-02-07T20:00:00Z";"UVI";"0";;"Norderney";"Gewerbeaufsichtsamt Hildesheim";"GAA-Hi";"https://uvi.bfs.de/Tagesgrafiken/Legende/indexHY.html"
"44210";"HY";"2021-02-08T20:00:00Z";"UVI";"0";;"Norderney";"Gewerbeaufsichtsamt Hildesheim";"GAA-Hi";"https://uvi.bfs.de/Tagesgrafiken/Legende/indexHY.html"
"44232";"HY";"2021-02-09T20:00:00Z";"UVI";"1";;"Norderney";"Gewerbeaufsichtsamt Hildesheim";"GAA-Hi";"https://uvi.bfs.de/Tagesgrafiken/Legende/indexHY.html"
"44270";"HY";"2021-02-10T20:00:00Z";"UVI";"1";;"Norderney";"Gewerbeaufsichtsamt Hildesheim";"GAA-Hi";"https://uvi.bfs.de/Tagesgrafiken/Legende/indexHY.html"
"44304";"HY";"2021-02-11T20:00:00Z";"UVI";"1";;"Norderney";"Gewerbeaufsichtsamt Hildesheim";"GAA-Hi";"https://uvi.bfs.de/Tagesgrafiken/Legende/indexHY.html"
"44328";"HY";"2021-02-12T20:00:00Z";"UVI";"1";;"Norderney";"Gewerbeaufsichtsamt Hildesheim";"GAA-Hi";"https://uvi.bfs.de/Tagesgrafiken/Legende/indexHY.html"
"44359";"HY";"2021-02-13T20:00:00Z";"UVI";"1";;"Norderney";"Gewerbeaufsichtsamt Hildesheim";"GAA-Hi";"https://uvi.bfs.de/Tagesgrafiken/Legende/indexHY.html"
"44409";"HY";"2021-02-14T20:00:00Z";"UVI";"1";;"Norderney";"Gewerbeaufsichtsamt Hildesheim";"GAA-Hi";"https://uvi.bfs.de/Tagesgrafiken/Legende/indexHY.html"
"44414";"HY";"2021-02-15T20:00:00Z";"UVI";"0";;"Norderney";"Gewerbeaufsichtsamt Hildesheim";"GAA-Hi";"https://uvi.bfs.de/Tagesgrafiken/Legende/indexHY.html"
"44476";"HY";"2021-02-16T20:00:00Z";"UVI";"1";;"Norderney";"Gewerbeaufsichtsamt Hildesheim";"GAA-Hi";"https://uvi.bfs.de/Tagesgrafiken/Legende/indexHY.html"
"44491";"HY";"2021-02-17T20:00:00Z";"UVI";"0";;"Norderney";"Gewerbeaufsichtsamt Hildesheim";"GAA-Hi";"https://uvi.bfs.de/Tagesgrafiken/Legende/indexHY.html"
"44531";"HY";"2021-02-18T20:00:00Z";"UVI";"1";;"Norderney";"Gewerbeaufsichtsamt Hildesheim";"GAA-Hi";"https://uvi.bfs.de/Tagesgrafiken/Legende/indexHY.html"
"44551";"HY";"2021-02-19T20:00:00Z";"UVI";"1";;"Norderney";"Gewerbeaufsichtsamt Hildesheim";"GAA-Hi";"https://uvi.bfs.de/Tagesgrafiken/Legende/indexHY.html"
"44590";"HY";"2021-02-20T20:00:00Z";"UVI";"1";;"Norderney";"Gewerbeaufsichtsamt Hildesheim";"GAA-Hi";"https://uvi.bfs.de/Tagesgrafiken/Legende/indexHY.html"
"44623";"HY";"2021-02-21T20:00:00Z";"UVI";"1";;"Norderney";"Gewerbeaufsichtsamt Hildesheim";"GAA-Hi";"https://uvi.bfs.de/Tagesgrafiken/Legende/indexHY.html"
"44660";"HY";"2021-02-22T20:00:00Z";"UVI";"1";;"Norderney";"Gewerbeaufsichtsamt Hildesheim";"GAA-Hi";"https://uvi.bfs.de/Tagesgrafiken/Legende/indexHY.html"
"44705";"HY";"2021-02-23T20:00:00Z";"UVI";"1";;"Norderney";"Gewerbeaufsichtsamt Hildesheim";"GAA-Hi";"https://uvi.bfs.de/Tagesgrafiken/Legende/indexHY.html"
"44722";"HY";"2021-02-24T20:00:00Z";"UVI";"1";;"Norderney";"Gewerbeaufsichtsamt Hildesheim";"GAA-Hi";"https://uvi.bfs.de/Tagesgrafiken/Legende/indexHY.html"
"44755";"HY";"2021-02-25T20:00:00Z";"UVI";"1";;"Norderney";"Gewerbeaufsichtsamt Hildesheim";"GAA-Hi";"https://uvi.bfs.de/Tagesgrafiken/Legende/indexHY.html"
"44788";"HY";"2021-02-26T20:00:00Z";"UVI";"1";;"Norderney";"Gewerbeaufsichtsamt Hildesheim";"GAA-Hi";"https://uvi.bfs.de/Tagesgrafiken/Legende/indexHY.html"
"44837";"HY";"2021-02-27T20:00:00Z";"UVI";"1";;"Norderney";"Gewerbeaufsichtsamt Hildesheim";"GAA-Hi";"https://uvi.bfs.de/Tagesgrafiken/Legende/indexHY.html"
"44854";"HY";"2021-02-28T20:00:00Z";"UVI";"1";;"Norderney";"Gewerbeaufsichtsamt Hildesheim";"GAA-Hi";"https://uvi.bfs.de/Tagesgrafiken/Legende/indexHY.html"
"44888";"HY";"2021-03-01T20:00:00Z";"UVI";"1";;"Norderney";"Gewerbeaufsichtsamt Hildesheim";"GAA-Hi";"https://uvi.bfs.de/Tagesgrafiken/Legende/indexHY.html"
"44933";"HY";"2021-03-02T20:00:00Z";"UVI";"1";;"Norderney";"Gewerbeaufsichtsamt Hildesheim";"GAA-Hi";"https://uvi.bfs.de/Tagesgrafiken/Legende/indexHY.html"
"44943";"HY";"2021-03-03T20:00:00Z";"UVI";"1";;"Norderney";"Gewerbeaufsichtsamt Hildesheim";"GAA-Hi";"https://uvi.bfs.de/Tagesgrafiken/Legende/indexHY.html"
"44986";"HY";"2021-03-04T20:00:00Z";"UVI";"2";;"Norderney";"Gewerbeaufsichtsamt Hildesheim";"GAA-Hi";"https://uvi.bfs.de/Tagesgrafiken/Legende/indexHY.html"
"45013";"HY";"2021-03-05T20:00:00Z";"UVI";"2";;"Norderney";"Gewerbeaufsichtsamt Hildesheim";"GAA-Hi";"https://uvi.bfs.de/Tagesgrafiken/Legende/indexHY.html"
"45055";"HY";"2021-03-06T20:00:00Z";"UVI";"1";;"Norderney";"Gewerbeaufsichtsamt Hildesheim";"GAA-Hi";"https://uvi.bfs.de/Tagesgrafiken/Legende/indexHY.html"
"45085";"HY";"2021-03-07T20:00:00Z";"UVI";"1";;"Norderney";"Gewerbeaufsichtsamt Hildesheim";"GAA-Hi";"https://uvi.bfs.de/Tagesgrafiken/Legende/indexHY.html"
"45114";"HY";"2021-03-08T20:00:00Z";"UVI";"1";;"Norderney";"Gewerbeaufsichtsamt Hildesheim";"GAA-Hi";"https://uvi.bfs.de/Tagesgrafiken/Legende/indexHY.html"
"45166";"HY";"2021-03-09T20:00:00Z";"UVI";"1";;"Norderney";"Gewerbeaufsichtsamt Hildesheim";"GAA-Hi";"https://uvi.bfs.de/Tagesgrafiken/Legende/indexHY.html"
"45177";"HY";"2021-03-10T20:00:00Z";"UVI";"1";;"Norderney";"Gewerbeaufsichtsamt Hildesheim";"GAA-Hi";"https://uvi.bfs.de/Tagesgrafiken/Legende/indexHY.html"
"45211";"HY";"2021-03-11T20:00:00Z";"UVI";"1";;"Norderney";"Gewerbeaufsichtsamt Hildesheim";"GAA-Hi";"https://uvi.bfs.de/Tagesgrafiken/Legende/indexHY.html"
"45250";"HY";"2021-03-12T20:00:00Z";"UVI";"1";;"Norderney";"Gewerbeaufsichtsamt Hildesheim";"GAA-Hi";"https://uvi.bfs.de/Tagesgrafiken/Legende/indexHY.html"
"45275";"HY";"2021-03-13T20:00:00Z";"UVI";"1";;"Norderney";"Gewerbeaufsichtsamt Hildesheim";"GAA-Hi";"https://uvi.bfs.de/Tagesgrafiken/Legende/indexHY.html"
"45316";"HY";"2021-03-14T20:00:00Z";"UVI";"1";;"Norderney";"Gewerbeaufsichtsamt Hildesheim";"GAA-Hi";"https://uvi.bfs.de/Tagesgrafiken/Legende/indexHY.html"
"45349";"HY";"2021-03-15T20:00:00Z";"UVI";"1";;"Norderney";"Gewerbeaufsichtsamt Hildesheim";"GAA-Hi";"https://uvi.bfs.de/Tagesgrafiken/Legende/indexHY.html"
"45383";"HY";"2021-03-16T20:00:00Z";"UVI";"2";;"Norderney";"Gewerbeaufsichtsamt Hildesheim";"GAA-Hi";"https://uvi.bfs.de/Tagesgrafiken/Legende/indexHY.html"
"45415";"HY";"2021-03-17T20:00:00Z";"UVI";"2";;"Norderney";"Gewerbeaufsichtsamt Hildesheim";"GAA-Hi";"https://uvi.bfs.de/Tagesgrafiken/Legende/indexHY.html"
"45465";"HY";"2021-03-18T20:00:00Z";"UVI";"2";;"Norderney";"Gewerbeaufsichtsamt Hildesheim";"GAA-Hi";"https://uvi.bfs.de/Tagesgrafiken/Legende/indexHY.html"
"45488";"HY";"2021-03-19T20:00:00Z";"UVI";"2";;"Norderney";"Gewerbeaufsichtsamt Hildesheim";"GAA-Hi";"https://uvi.bfs.de/Tagesgrafiken/Legende/indexHY.html"
"45514";"HY";"2021-03-20T20:00:00Z";"UVI";"1";;"Norderney";"Gewerbeaufsichtsamt Hildesheim";"GAA-Hi";"https://uvi.bfs.de/Tagesgrafiken/Legende/indexHY.html"
"45552";"HY";"2021-03-21T20:00:00Z";"UVI";"2";;"Norderney";"Gewerbeaufsichtsamt Hildesheim";"GAA-Hi";"https://uvi.bfs.de/Tagesgrafiken/Legende/indexHY.html"
"45598";"HY";"2021-03-22T20:00:00Z";"UVI";"2";;"Norderney";"Gewerbeaufsichtsamt Hildesheim";"GAA-Hi";"https://uvi.bfs.de/Tagesgrafiken/Legende/indexHY.html"
"45629";"HY";"2021-03-23T20:00:00Z";"UVI";"2";;"Norderney";"Gewerbeaufsichtsamt Hildesheim";"GAA-Hi";"https://uvi.bfs.de/Tagesgrafiken/Legende/indexHY.html"
"45645";"HY";"2021-03-24T20:00:00Z";"UVI";"2";;"Norderney";"Gewerbeaufsichtsamt Hildesheim";"GAA-Hi";"https://uvi.bfs.de/Tagesgrafiken/Legende/indexHY.html"
"45679";"HY";"2021-03-25T20:00:00Z";"UVI";"2";;"Norderney";"Gewerbeaufsichtsamt Hildesheim";"GAA-Hi";"https://uvi.bfs.de/Tagesgrafiken/Legende/indexHY.html"
"45704";"HY";"2021-03-26T20:00:00Z";"UVI";"2";;"Norderney";"Gewerbeaufsichtsamt Hildesheim";"GAA-Hi";"https://uvi.bfs.de/Tagesgrafiken/Legende/indexHY.html"
"45745";"HY";"2021-03-27T20:00:00Z";"UVI";"2";;"Norderney";"Gewerbeaufsichtsamt Hildesheim";"GAA-Hi";"https://uvi.bfs.de/Tagesgrafiken/Legende/indexHY.html"
"45780";"HY";"2021-03-28T20:00:00Z";"UVI";"1";;"Norderney";"Gewerbeaufsichtsamt Hildesheim";"GAA-Hi";"https://uvi.bfs.de/Tagesgrafiken/Legende/indexHY.html"
"45832";"HY";"2021-03-29T20:00:00Z";"UVI";"2";;"Norderney";"Gewerbeaufsichtsamt Hildesheim";"GAA-Hi";"https://uvi.bfs.de/Tagesgrafiken/Legende/indexHY.html"
"45844";"HY";"2021-03-30T20:00:00Z";"UVI";"2";;"Norderney";"Gewerbeaufsichtsamt Hildesheim";"GAA-Hi";"https://uvi.bfs.de/Tagesgrafiken/Legende/indexHY.html"
"45886";"HY";"2021-03-31T20:00:00Z";"UVI";"2";;"Norderney";"Gewerbeaufsichtsamt Hildesheim";"GAA-Hi";"https://uvi.bfs.de/Tagesgrafiken/Legende/indexHY.html"
"45910";"HY";"2021-04-01T20:00:00Z";"UVI";"2";;"Norderney";"Gewerbeaufsichtsamt Hildesheim";"GAA-Hi";"https://uvi.bfs.de/Tagesgrafiken/Legende/indexHY.html"
"45945";"HY";"2021-04-02T20:00:00Z";"UVI";"3";;"Norderney";"Gewerbeaufsichtsamt Hildesheim";"GAA-Hi";"https://uvi.bfs.de/Tagesgrafiken/Legende/indexHY.html"
"45976";"HY";"2021-04-03T20:00:00Z";"UVI";"2";;"Norderney";"Gewerbeaufsichtsamt Hildesheim";"GAA-Hi";"https://uvi.bfs.de/Tagesgrafiken/Legende/indexHY.html"
"46001";"HY";"2021-04-04T20:00:00Z";"UVI";"1";;"Norderney";"Gewerbeaufsichtsamt Hildesheim";"GAA-Hi";"https://uvi.bfs.de/Tagesgrafiken/Legende/indexHY.html"
"46062";"HY";"2021-04-05T20:00:00Z";"UVI";"2";;"Norderney";"Gewerbeaufsichtsamt Hildesheim";"GAA-Hi";"https://uvi.bfs.de/Tagesgrafiken/Legende/indexHY.html"
"46081";"HY";"2021-04-06T20:00:00Z";"UVI";"2";;"Norderney";"Gewerbeaufsichtsamt Hildesheim";"GAA-Hi";"https://uvi.bfs.de/Tagesgrafiken/Legende/indexHY.html"
"46107";"HY";"2021-04-07T20:00:00Z";"UVI";"3";;"Norderney";"Gewerbeaufsichtsamt Hildesheim";"GAA-Hi";"https://uvi.bfs.de/Tagesgrafiken/Legende/indexHY.html"
"46151";"HY";"2021-04-08T20:00:00Z";"UVI";"2";;"Norderney";"Gewerbeaufsichtsamt Hildesheim";"GAA-Hi";"https://uvi.bfs.de/Tagesgrafiken/Legende/indexHY.html"
"46184";"HY";"2021-04-09T20:00:00Z";"UVI";"1";;"Norderney";"Gewerbeaufsichtsamt Hildesheim";"GAA-Hi";"https://uvi.bfs.de/Tagesgrafiken/Legende/indexHY.html"
"46200";"HY";"2021-04-10T20:00:00Z";"UVI";"3";;"Norderney";"Gewerbeaufsichtsamt Hildesheim";"GAA-Hi";"https://uvi.bfs.de/Tagesgrafiken/Legende/indexHY.html"
"46240";"HY";"2021-04-11T20:00:00Z";"UVI";"1";;"Norderney";"Gewerbeaufsichtsamt Hildesheim";"GAA-Hi";"https://uvi.bfs.de/Tagesgrafiken/Legende/indexHY.html"
"46286";"HY";"2021-04-12T20:00:00Z";"UVI";"2";;"Norderney";"Gewerbeaufsichtsamt Hildesheim";"GAA-Hi";"https://uvi.bfs.de/Tagesgrafiken/Legende/indexHY.html"
"46325";"HY";"2021-04-13T20:00:00Z";"UVI";"3";;"Norderney";"Gewerbeaufsichtsamt Hildesheim";"GAA-Hi";"https://uvi.bfs.de/Tagesgrafiken/Legende/indexHY.html"
"46339";"HY";"2021-04-14T20:00:00Z";"UVI";"3";;"Norderney";"Gewerbeaufsichtsamt Hildesheim";"GAA-Hi";"https://uvi.bfs.de/Tagesgrafiken/Legende/indexHY.html"
"46377";"HY";"2021-04-15T20:00:00Z";"UVI";"3";;"Norderney";"Gewerbeaufsichtsamt Hildesheim";"GAA-Hi";"https://uvi.bfs.de/Tagesgrafiken/Legende/indexHY.html"
"46405";"HY";"2021-04-16T20:00:00Z";"UVI";"3";;"Norderney";"Gewerbeaufsichtsamt Hildesheim";"GAA-Hi";"https://uvi.bfs.de/Tagesgrafiken/Legende/indexHY.html"
"46438";"HY";"2021-04-17T20:00:00Z";"UVI";"3";;"Norderney";"Gewerbeaufsichtsamt Hildesheim";"GAA-Hi";"https://uvi.bfs.de/Tagesgrafiken/Legende/indexHY.html"
"46483";"HY";"2021-04-18T20:00:00Z";"UVI";"3";;"Norderney";"Gewerbeaufsichtsamt Hildesheim";"GAA-Hi";"https://uvi.bfs.de/Tagesgrafiken/Legende/indexHY.html"
"46518";"HY";"2021-04-19T20:00:00Z";"UVI";"3";;"Norderney";"Gewerbeaufsichtsamt Hildesheim";"GAA-Hi";"https://uvi.bfs.de/Tagesgrafiken/Legende/indexHY.html"
"46527";"HY";"2021-04-20T20:00:00Z";"UVI";"3";;"Norderney";"Gewerbeaufsichtsamt Hildesheim";"GAA-Hi";"https://uvi.bfs.de/Tagesgrafiken/Legende/indexHY.html"
"46590";"HY";"2021-04-21T20:00:00Z";"UVI";"3";;"Norderney";"Gewerbeaufsichtsamt Hildesheim";"GAA-Hi";"https://uvi.bfs.de/Tagesgrafiken/Legende/indexHY.html"
"46619";"HY";"2021-04-22T20:00:00Z";"UVI";"4";;"Norderney";"Gewerbeaufsichtsamt Hildesheim";"GAA-Hi";"https://uvi.bfs.de/Tagesgrafiken/Legende/indexHY.html"
"46651";"HY";"2021-04-23T20:00:00Z";"UVI";"4";;"Norderney";"Gewerbeaufsichtsamt Hildesheim";"GAA-Hi";"https://uvi.bfs.de/Tagesgrafiken/Legende/indexHY.html"
"46669";"HY";"2021-04-24T20:00:00Z";"UVI";"4";;"Norderney";"Gewerbeaufsichtsamt Hildesheim";"GAA-Hi";"https://uvi.bfs.de/Tagesgrafiken/Legende/indexHY.html"
"46696";"HY";"2021-04-25T20:00:00Z";"UVI";"4";;"Norderney";"Gewerbeaufsichtsamt Hildesheim";"GAA-Hi";"https://uvi.bfs.de/Tagesgrafiken/Legende/indexHY.html"
"46791";"HY";"2021-04-28T20:00:00Z";"UVI";"3";;"Norderney";"Gewerbeaufsichtsamt Hildesheim";"GAA-Hi";"https://uvi.bfs.de/Tagesgrafiken/Legende/indexHY.html"
"46834";"HY";"2021-04-29T20:00:00Z";"UVI";"2";;"Norderney";"Gewerbeaufsichtsamt Hildesheim";"GAA-Hi";"https://uvi.bfs.de/Tagesgrafiken/Legende/indexHY.html"
"46868";"HY";"2021-04-30T20:00:00Z";"UVI";"3";;"Norderney";"Gewerbeaufsichtsamt Hildesheim";"GAA-Hi";"https://uvi.bfs.de/Tagesgrafiken/Legende/indexHY.html"
"46914";"HY";"2021-05-01T20:00:00Z";"UVI";"2";;"Norderney";"Gewerbeaufsichtsamt Hildesheim";"GAA-Hi";"https://uvi.bfs.de/Tagesgrafiken/Legende/indexHY.html"
"46942";"HY";"2021-05-02T20:00:00Z";"UVI";"2";;"Norderney";"Gewerbeaufsichtsamt Hildesheim";"GAA-Hi";"https://uvi.bfs.de/Tagesgrafiken/Legende/indexHY.html"
"46955";"HY";"2021-05-03T20:00:00Z";"UVI";"3";;"Norderney";"Gewerbeaufsichtsamt Hildesheim";"GAA-Hi";"https://uvi.bfs.de/Tagesgrafiken/Legende/indexHY.html"
"46999";"HY";"2021-05-04T20:00:00Z";"UVI";"3";;"Norderney";"Gewerbeaufsichtsamt Hildesheim";"GAA-Hi";"https://uvi.bfs.de/Tagesgrafiken/Legende/indexHY.html"
"47049";"HY";"2021-05-05T20:00:00Z";"UVI";"2";;"Norderney";"Gewerbeaufsichtsamt Hildesheim";"GAA-Hi";"https://uvi.bfs.de/Tagesgrafiken/Legende/indexHY.html"
"47079";"HY";"2021-05-06T20:00:00Z";"UVI";"3";;"Norderney";"Gewerbeaufsichtsamt Hildesheim";"GAA-Hi";"https://uvi.bfs.de/Tagesgrafiken/Legende/indexHY.html"
"47087";"HY";"2021-05-07T20:00:00Z";"UVI";"3";;"Norderney";"Gewerbeaufsichtsamt Hildesheim";"GAA-Hi";"https://uvi.bfs.de/Tagesgrafiken/Legende/indexHY.html"
"47122";"HY";"2021-05-08T20:00:00Z";"UVI";"3";;"Norderney";"Gewerbeaufsichtsamt Hildesheim";"GAA-Hi";"https://uvi.bfs.de/Tagesgrafiken/Legende/indexHY.html"
"47164";"HY";"2021-05-09T20:00:00Z";"UVI";"3";;"Norderney";"Gewerbeaufsichtsamt Hildesheim";"GAA-Hi";"https://uvi.bfs.de/Tagesgrafiken/Legende/indexHY.html"
"47200";"HY";"2021-05-10T20:00:00Z";"UVI";"3";;"Norderney";"Gewerbeaufsichtsamt Hildesheim";"GAA-Hi";"https://uvi.bfs.de/Tagesgrafiken/Legende/indexHY.html"
"47230";"HY";"2021-05-11T20:00:00Z";"UVI";"2";;"Norderney";"Gewerbeaufsichtsamt Hildesheim";"GAA-Hi";"https://uvi.bfs.de/Tagesgrafiken/Legende/indexHY.html"
"47273";"HY";"2021-05-12T20:00:00Z";"UVI";"4";;"Norderney";"Gewerbeaufsichtsamt Hildesheim";"GAA-Hi";"https://uvi.bfs.de/Tagesgrafiken/Legende/indexHY.html"
"47313";"HY";"2021-05-13T20:00:00Z";"UVI";"3";;"Norderney";"Gewerbeaufsichtsamt Hildesheim";"GAA-Hi";"https://uvi.bfs.de/Tagesgrafiken/Legende/indexHY.html"
"47329";"HY";"2021-05-14T20:00:00Z";"UVI";"2";;"Norderney";"Gewerbeaufsichtsamt Hildesheim";"GAA-Hi";"https://uvi.bfs.de/Tagesgrafiken/Legende/indexHY.html"
"47362";"HY";"2021-05-15T20:00:00Z";"UVI";"2";;"Norderney";"Gewerbeaufsichtsamt Hildesheim";"GAA-Hi";"https://uvi.bfs.de/Tagesgrafiken/Legende/indexHY.html"
"47395";"HY";"2021-05-16T20:00:00Z";"UVI";"3";;"Norderney";"Gewerbeaufsichtsamt Hildesheim";"GAA-Hi";"https://uvi.bfs.de/Tagesgrafiken/Legende/indexHY.html"
"47447";"HY";"2021-05-17T20:00:00Z";"UVI";"4";;"Norderney";"Gewerbeaufsichtsamt Hildesheim";"GAA-Hi";"https://uvi.bfs.de/Tagesgrafiken/Legende/indexHY.html"
"47450";"HY";"2021-05-18T20:00:00Z";"UVI";"4";;"Norderney";"Gewerbeaufsichtsamt Hildesheim";"GAA-Hi";"https://uvi.bfs.de/Tagesgrafiken/Legende/indexHY.html"
"47502";"HY";"2021-05-19T20:00:00Z";"UVI";"5";;"Norderney";"Gewerbeaufsichtsamt Hildesheim";"GAA-Hi";"https://uvi.bfs.de/Tagesgrafiken/Legende/indexHY.html"
"47529";"HY";"2021-05-20T20:00:00Z";"UVI";"5";;"Norderney";"Gewerbeaufsichtsamt Hildesheim";"GAA-Hi";"https://uvi.bfs.de/Tagesgrafiken/Legende/indexHY.html"
"47549";"HY";"2021-05-21T20:00:00Z";"UVI";"2";;"Norderney";"Gewerbeaufsichtsamt Hildesheim";"GAA-Hi";"https://uvi.bfs.de/Tagesgrafiken/Legende/indexHY.html"
"47593";"HY";"2021-05-22T20:00:00Z";"UVI";"3";;"Norderney";"Gewerbeaufsichtsamt Hildesheim";"GAA-Hi";"https://uvi.bfs.de/Tagesgrafiken/Legende/indexHY.html"
"47627";"HY";"2021-05-23T20:00:00Z";"UVI";"4";;"Norderney";"Gewerbeaufsichtsamt Hildesheim";"GAA-Hi";"https://uvi.bfs.de/Tagesgrafiken/Legende/indexHY.html"
"47657";"HY";"2021-05-24T20:00:00Z";"UVI";"2";;"Norderney";"Gewerbeaufsichtsamt Hildesheim";"GAA-Hi";"https://uvi.bfs.de/Tagesgrafiken/Legende/indexHY.html"
"47686";"HY";"2021-05-25T20:00:00Z";"UVI";"1";;"Norderney";"Gewerbeaufsichtsamt Hildesheim";"GAA-Hi";"https://uvi.bfs.de/Tagesgrafiken/Legende/indexHY.html"
"47743";"HY";"2021-05-26T20:00:00Z";"UVI";"3";;"Norderney";"Gewerbeaufsichtsamt Hildesheim";"GAA-Hi";"https://uvi.bfs.de/Tagesgrafiken/Legende/indexHY.html"
"47775";"HY";"2021-05-27T20:00:00Z";"UVI";"4";;"Norderney";"Gewerbeaufsichtsamt Hildesheim";"GAA-Hi";"https://uvi.bfs.de/Tagesgrafiken/Legende/indexHY.html"
"47781";"HY";"2021-05-28T20:00:00Z";"UVI";"4";;"Norderney";"Gewerbeaufsichtsamt Hildesheim";"GAA-Hi";"https://uvi.bfs.de/Tagesgrafiken/Legende/indexHY.html"
"47839";"HY";"2021-05-29T20:00:00Z";"UVI";"4";;"Norderney";"Gewerbeaufsichtsamt Hildesheim";"GAA-Hi";"https://uvi.bfs.de/Tagesgrafiken/Legende/indexHY.html"
"47857";"HY";"2021-05-30T20:00:00Z";"UVI";"4";;"Norderney";"Gewerbeaufsichtsamt Hildesheim";"GAA-Hi";"https://uvi.bfs.de/Tagesgrafiken/Legende/indexHY.html"
"47906";"HY";"2021-05-31T20:00:00Z";"UVI";"5";;"Norderney";"Gewerbeaufsichtsamt Hildesheim";"GAA-Hi";"https://uvi.bfs.de/Tagesgrafiken/Legende/indexHY.html"
"47923";"HY";"2021-06-01T20:00:00Z";"UVI";"7";;"Norderney";"Gewerbeaufsichtsamt Hildesheim";"GAA-Hi";"https://uvi.bfs.de/Tagesgrafiken/Legende/indexHY.html"
"47977";"HY";"2021-06-02T20:00:00Z";"UVI";"6";;"Norderney";"Gewerbeaufsichtsamt Hildesheim";"GAA-Hi";"https://uvi.bfs.de/Tagesgrafiken/Legende/indexHY.html"
"48007";"HY";"2021-06-03T20:00:00Z";"UVI";"5";;"Norderney";"Gewerbeaufsichtsamt Hildesheim";"GAA-Hi";"https://uvi.bfs.de/Tagesgrafiken/Legende/indexHY.html"
"48022";"HY";"2021-06-04T20:00:00Z";"UVI";"6";;"Norderney";"Gewerbeaufsichtsamt Hildesheim";"GAA-Hi";"https://uvi.bfs.de/Tagesgrafiken/Legende/indexHY.html"
"48071";"HY";"2021-06-05T20:00:00Z";"UVI";"6";;"Norderney";"Gewerbeaufsichtsamt Hildesheim";"GAA-Hi";"https://uvi.bfs.de/Tagesgrafiken/Legende/indexHY.html"
"48088";"HY";"2021-06-06T20:00:00Z";"UVI";"3";;"Norderney";"Gewerbeaufsichtsamt Hildesheim";"GAA-Hi";"https://uvi.bfs.de/Tagesgrafiken/Legende/indexHY.html"
"48141";"HY";"2021-06-07T20:00:00Z";"UVI";"7";;"Norderney";"Gewerbeaufsichtsamt Hildesheim";"GAA-Hi";"https://uvi.bfs.de/Tagesgrafiken/Legende/indexHY.html"
"48173";"HY";"2021-06-08T20:00:00Z";"UVI";"7";;"Norderney";"Gewerbeaufsichtsamt Hildesheim";"GAA-Hi";"https://uvi.bfs.de/Tagesgrafiken/Legende/indexHY.html"
"48179";"HY";"2021-06-09T20:00:00Z";"UVI";"7";;"Norderney";"Gewerbeaufsichtsamt Hildesheim";"GAA-Hi";"https://uvi.bfs.de/Tagesgrafiken/Legende/indexHY.html"
"48220";"HY";"2021-06-10T20:00:00Z";"UVI";"7";;"Norderney";"Gewerbeaufsichtsamt Hildesheim";"GAA-Hi";"https://uvi.bfs.de/Tagesgrafiken/Legende/indexHY.html"
"48273";"HY";"2021-06-11T20:00:00Z";"UVI";"8";;"Norderney";"Gewerbeaufsichtsamt Hildesheim";"GAA-Hi";"https://uvi.bfs.de/Tagesgrafiken/Legende/indexHY.html"
"48295";"HY";"2021-06-12T20:00:00Z";"UVI";"7";;"Norderney";"Gewerbeaufsichtsamt Hildesheim";"GAA-Hi";"https://uvi.bfs.de/Tagesgrafiken/Legende/indexHY.html"
"48319";"HY";"2021-06-13T20:00:00Z";"UVI";"8";;"Norderney";"Gewerbeaufsichtsamt Hildesheim";"GAA-Hi";"https://uvi.bfs.de/Tagesgrafiken/Legende/indexHY.html"
"48362";"HY";"2021-06-14T20:00:00Z";"UVI";"7";;"Norderney";"Gewerbeaufsichtsamt Hildesheim";"GAA-Hi";"https://uvi.bfs.de/Tagesgrafiken/Legende/indexHY.html"
"48385";"HY";"2021-06-15T20:00:00Z";"UVI";"7";;"Norderney";"Gewerbeaufsichtsamt Hildesheim";"GAA-Hi";"https://uvi.bfs.de/Tagesgrafiken/Legende/indexHY.html"
"48418";"HY";"2021-06-16T20:00:00Z";"UVI";"8";;"Norderney";"Gewerbeaufsichtsamt Hildesheim";"GAA-Hi";"https://uvi.bfs.de/Tagesgrafiken/Legende/indexHY.html"